Year,K,GrowthRate,N_Initial,PopSizes_Mean,PopSizes_Std,N_Females,N_Males,N_YYMales,N_BreedFemales,N_BreedMales,N_BreedYYMales,MatureCount,ImmatureCount,EggLayEvents,Births,EggDeaths,MyyProgeny,Capture_Back,SelectionDeaths_Emigration,MoveDeaths_Emigration,PackingDeaths_Emigration,YYSelectionPackingDeaths_Emi,WildSelectionPackingDeaths_Emi,N_Emigration,Deaths_EmiMort,N_EmiMortality,Capture_Out,SelectionDeaths_Immigration,MoveDeaths_Immigration,N_beforePacking_AddAge0s,PackingDeaths_Immigration,YYSelectionPackingDeaths_Immi,WildSelectionPackingDeaths_Immi,SelectionDeaths_Age0s_Immigration,N_Immigration,Deaths_ImmiMort,N_ImmiMortality,Alleles,He,Ho,p1,p2,q1,q2,MateDist,MateDist_SD,Female_EmigrationDist,Female_EmigrationDist_SD,Male_EmigrationDist,Male_EmigrationDist_SD,Female_FromHomeDist,Female_FromHomeDist_SD,Male_FromHomeDist,Male_FromHomeDist_SD,Female_StrayerDist,Female_StrayerDist_SD,Male_StrayerDist,Male_StrayerDist_SD,Female_HomeAttemptStrayDist,Female_HomeAttemptStrayDist_SD,Male_HomeAttemptStrayDist,Male_HomeAttemptStrayDist_SD,Infected,Residors,Strayers_1,Strayers_2,Immigrators,ResidentDispersers,ImmigrantDispersers,AA_aa_Mates,AA_AA_Mates,aa_aa_Mates,AA_Aa_Mates,aa_Aa_Mates,Aa_Aa_Mates
0,25049|5075|5037|4945|5046|4946|,3.052,2500|500|500|500|500|500|,200.01989600000002|195.814444|197.18444|241.740588|206.58458199999998|,99.5547349632813|99.7875254805272|99.62189741049103|72.84093130622546|101.5010973237791|,1220|249|233|252|235|251|,1280|251|267|248|265|249|,0|0|0|0|0|0|,656|135|116|117|160|128|,685|124|134|126|168|133|,0|0|0|0|0|0|,1341,1159,656,16000|3175|3008|3142|3587|3088|,10870|2152|2043|2138|2437|2100|,0|0|0|0|0|0|,0|0|0|0|0|,0|0|0|0|0|0|,0|0|0|0|0|0|,0|0|0|0|0|0|,0|0|0|0|0|0|,0|0|0|0|0|0|,2500|500|500|500|500|500|,0|0|0|0|0|0|,2500|500|500|500|500|500|,0|0|0|0|0|,0|0|0|0|0|0|,0|0|0|0|0|0|,7630|1395|1388|1713|1680|1454|,0|0|0|0|0|0|,0|0|0|0|0|0|,0|0|0|0|0|0|,0|0|0|0|0|,7630|1395|1388|1713|1680|1454|,0|0|0|0|0|0|,7630|1395|1388|1713|1680|1454|,15|15|15|15|15|15|,0.7998641066666666|0.79932|0.7990113333333333|0.799274|0.799|0.79942|,0.8004|0.788666666667|0.804666666667|0.8|0.796|0.812666666667|,0.1978,0.1982,0.2066,0.195,4435.6167852012195,1620.9073115642245,0,0,0,0,1553.5416211606555,1633.7382369984566,1686.640464178125,1648.685028763829,0,0,0,0,0,0,0,0,0,372|423|709|530|466|,0|0|0|0|0|,0|0|0|0|0|,0|0|0|0|0|,372|423|709|530|466|,0|0|0|0|0|,4,3,1,79,42,527,
1,24709|4888|4919|4984|4990|4928|,1.0698558322411533,7630|1395|1388|1713|1680|1454|,59.475090996625696|60.53875678317676|64.89063021263695|62.62759856902833|61.7853808824067|,24.27959068870876|25.319182570769215|27.45331462923843|26.76704625648325|25.581846839568318|,3853|702|700|869|855|727|,3777|693|688|844|825|727|,0|0|0|0|0|0|,739|119|129|194|167|130|,774|99|121|219|178|157|,0|0|0|0|0|0|,1513,6117,739,1705|298|250|379|421|357|,1172|207|173|262|288|242|,0|0|0|0|0|0|,0|0|0|0|0|,0|0|0|0|0|0|,0|0|0|0|0|0|,0|0|0|0|0|0|,0|0|0|0|0|0|,0|0|0|0|0|0|,7630|1399|1390|1716|1673|1452|,0|0|0|0|0|0|,7630|1399|1390|1716|1673|1452|,0|0|0|0|0|,0|0|0|0|0|0|,0|0|0|0|0|0|,8163|1321|1331|2131|1817|1563|,0|0|0|0|0|0|,0|0|0|0|0|0|,0|0|0|0|0|0|,0|0|0|0|0|,8163|1321|1331|2131|1817|1563|,0|0|0|0|0|0|,8163|1321|1331|2131|1817|1563|,15|15|15|15|15|15|,0.7996752804311692|0.7961175558724408|0.7984574969479026|0.7977269843476854|0.7978967072940287|0.7980682390811731|,0.805591961555|0.804062126643|0.820845341018|0.788674839463|0.818650793651|0.797340669418|,0.20327653997378767,0.20799475753604194,0.1947575360419397,0.19036697247706422,4400.594302462789,1593.9447617023236,1596.126608742268,1484.587436905968,1675.153352740741,1551.7275404049342,1685.8674145126195,1598.0743752422402,1630.220135148462,1619.4658817324557,2077.2,1228.8646630121643,1472.4,1930.5912669438865,0,0,0,0,0,1211|1221|1965|1643|1412|,3|3|0|4|5|,0|0|0|0|0|,16|30|49|37|31|,1211|1221|1965|1643|1412|,16|30|49|37|31|,1,1,3,62,46,626,
2,25068|4917|4970|5199|5059|4923|,1.0962881293642044,8163|1321|1331|2131|1817|1563|,52.83774675816497|53.50982354162539|55.97655259135151|56.47305855627041|55.56523244787406|,34.01474577192704|34.85810773885517|36.39672062948904|36.42266714065191|35.41447884406577|,4121|663|667|1053|929|809|,4042|658|664|1078|888|754|,0|0|0|0|0|0|,926|135|135|252|216|188|,999|134|149|287|227|202|,0|0|0|0|0|0|,1925,6238,926,2516|366|337|665|671|477|,1730|251|232|459|465|323|,0|0|0|0|0|0|,0|0|0|0|0|,0|0|0|0|0|0|,0|0|0|0|0|0|,0|0|0|0|0|0|,0|0|0|0|0|0|,0|0|0|0|0|0|,8163|1326|1339|2114|1811|1573|,0|0|0|0|0|0|,8163|1326|1339|2114|1811|1573|,0|0|0|0|0|,0|0|0|0|0|0|,0|0|0|0|0|0|,8949|1318|1402|2404|2005|1820|,0|0|0|0|0|0|,0|0|0|0|0|0|,0|0|0|0|0|0|,0|0|0|0|0|,8949|1318|1402|2404|2005|1820|,0|0|0|0|0|0|,8949|1318|1402|2404|2005|1820|,15|15|15|15|15|15|,0.7996887171281921|0.7981500148134055|0.7994966021491781|0.7994923911895365|0.7995134417631964|0.7995235851676109|,0.805912858835|0.8041887459|0.815927873779|0.804317221962|0.803889194643|0.803369588398|,0.20305034913634692,0.2066029645963494,0.19508759034668627,0.1920862428028911,4308.7234609114485,1598.0974064920943,1693.9867704736844,1508.3436517038308,1730.966689649123,1603.6406198070422,1596.3039790679034,1584.2412523700573,1640.4642442628156,1615.0778875278888,1731.6348342222223,1677.079362273237,1530.0891885,1387.71641315155,0,0,0,0,0,1152|1225|2073|1692|1565|,2|5|17|10|17|,0|0|0|0|0|,49|67|108|97|84|,1152|1225|2073|1692|1565|,49|67|108|97|84|,2,1,1,61,53,808,
3,25503|5146|5117|5079|5120|5041|,1.108950720750922,8949|1318|1402|2404|2005|1820|,66.53078979714087|67.96221411089063|68.75759803329467|69.14139418150661|69.29460998193682|,32.7811003490214|33.15423624416431|34.1519452499553|34.12628323256408|34.775399435885845|,4523|651|724|1164|1050|934|,4426|667|678|1240|955|886|,0|0|0|0|0|0|,1080|155|166|272|256|231|,1135|139|170|342|240|244|,0|0|0|0|0|0|,2215,6734,1080,3406|459|507|865|841|734|,2431|327|366|612|595|531|,0|0|0|0|0|0|,0|0|0|0|0|,0|0|0|0|0|0|,0|0|0|0|0|0|,0|0|0|0|0|0|,0|0|0|0|0|0|,0|0|0|0|0|0|,8949|1310|1412|2396|2012|1819|,0|0|0|0|0|0|,8949|1310|1412|2396|2012|1819|,0|0|0|0|0|,0|0|0|0|0|0|,0|0|0|0|0|0|,9924|1375|1598|2689|2322|1940|,0|0|0|0|0|0|,0|0|0|0|0|0|,0|0|0|0|0|0|,0|0|0|0|0|,9924|1375|1598|2689|2322|1940|,0|0|0|0|0|0|,9924|1375|1598|2689|2322|1940|,15|15|15|15|15|15|,0.7996689130452599|0.798970885210267|0.7995338837324303|0.7996321934786079|0.7996436589324694|0.7994374672946102|,0.80478265728|0.800961052099|0.805515929624|0.807265668331|0.810141313383|0.797802197802|,0.2023131076097888,0.20667113643982568,0.1959995530226841,0.19197675717957313,4372.78100638889,1618.6697009939803,1720.6904535447572,1639.3713442063317,1554.3805262564103,1488.399633907937,1679.8234813068493,1599.9608765979124,1681.4806460291554,1578.8927669357677,1592.5985839047619,1256.5460687094564,1364.1705701111111,1514.4406378210067,0,0,0,0,0,1149|1335|2220|1889|1575|,10|12|23|17|16|,0|0|0|0|0|,84|110|193|170|146|,1149|1335|2220|1889|1575|,84|110|193|170|146|,6,1,1,91,78,903,
4,25114|4855|4955|5145|5036|5123|,1.1440951229343006,9924|1375|1598|2689|2322|1940|,77.72564215457166|79.52664983822159|79.21572054386867|78.90774639210483|79.0369414653053|,33.70103393580422|33.942670655922896|34.74662813028723|34.70620541096573|35.74615794627029|,5007|688|810|1330|1195|984|,4917|687|788|1359|1127|956|,0|0|0|0|0|0|,1220|149|191|323|308|249|,1280|178|225|350|274|253|,0|0|0|0|0|0|,2500,7424,1220,4675|488|870|1249|1090|978|,3245|339|607|879|750|670|,0|0|0|0|0|0|,0|0|0|0|0|,0|0|0|0|0|0|,0|0|0|0|0|0|,0|0|0|0|0|0|,0|0|0|0|0|0|,0|0|0|0|0|0|,9924|1387|1605|2685|2317|1930|,0|0|0|0|0|0|,9924|1387|1605|2685|2317|1930|,0|0|0|0|0|,0|0|0|0|0|0|,0|0|0|0|0|0|,11354|1493|1864|3075|2615|2307|,0|0|0|0|0|0|,0|0|0|0|0|0|,0|0|0|0|0|0|,0|0|0|0|0|,11354|1493|1864|3075|2615|2307|,0|0|0|0|0|0|,11354|1493|1864|3075|2615|2307|,15|15|15|15|15|15|,0.7996650179548094|0.7994695757575758|0.7995912835349569|0.7995080757967751|0.799542128210778|0.7996459064016722|,0.804749428994|0.804363636364|0.806216103463|0.804884095699|0.810364628194|0.796907216495|,0.20299274486094318,0.20611648528819024,0.19825675130995565,0.19014510278113664,4376.362362016395,1530.4549768213267,1747.3494478475498,1612.6814373889601,1625.719487473684,1559.8916105516992,1693.5108768117675,1591.4639577913015,1689.7477770628202,1576.6245132025508,1929.5586783111112,1581.9611123694785,1238.4100253548388,1528.600509358383,0,0,0,0,0,1202|1414|2392|2035|1760|,17|23|36|14|17|,0|0|0|0|0|,125|164|277|226|222|,1202|1414|2392|2035|1760|,125|164|277|226|222|,3,0,0,83,74,1060,
5,24619|4818|4797|5000|4978|5026|,1.2144618636603841,11354|1493|1864|3075|2615|2307|,85.6317214735611|86.20827615439725|87.0844201529106|85.43402948312537|86.94148802122358|,35.78567797513025|37.59704616106837|37.2811762483881|37.0835870014094|37.985448016921566|,5709|740|952|1510|1340|1167|,5645|753|912|1565|1275|1140|,0|0|0|0|0|0|,3853|510|620|1036|912|775|,3777|513|617|1059|820|768|,0|0|0|0|0|0|,7630,3724,3853,8927|1032|1535|2360|2110|1890|,6441|739|1108|1716|1522|1356|,0|0|0|0|0|0|,0|0|0|0|0|,0|0|0|0|0|0|,0|0|0|0|0|0|,51|0|0|51|0|0|,0|0|0|0|0|0|,0|0|0|0|0|0|,11303|1502|1883|3006|2624|2288|,0|0|0|0|0|0|,11303|1502|1883|3006|2624|2288|,0|0|0|0|0|,0|0|0|0|0|0|,0|0|0|0|0|0|,13789|1692|2376|3666|3185|2870|,0|0|0|0|0|0|,0|0|0|0|0|0|,0|0|0|0|0|0|,0|0|0|0|0|,13789|1692|2376|3666|3185|2870|,0|0|0|0|0|0|,13789|1692|2376|3666|3185|2870|,15|15|15|15|15|15|,0.7997388157067239|0.7993351275214976|0.7993525775632878|0.7997055897063036|0.7995453742260114|0.7996119372343032|,0.804973284012|0.798392498326|0.811874105866|0.806829268293|0.802804333971|0.803641092328|,0.20248370618284306,0.2034084903998591,0.20014972696846925,0.19173859432799015,4399.166163677137,1576.1336942941798,1761.9581699692305,1588.8555949990762,1627.8949270940395,1575.1593837315904,1658.945717452731,1567.1564623630993,1659.8422962733978,1589.9288514993154,1692.5925764179103,1512.7972606788037,1845.3165077297301,1614.69093891996,0,0,0,0,0,1226|1693|2621|2259|2034|,13|29|45|29|25|,0|0|0|0|0|,160|227|356|309|277|,1226|1693|2621|2259|2034|,160|227|356|309|277|,5,1,1,121,83,3642,
6,25322|5043|4921|5067|5119|5172|,1.231416346363043,13789|1692|2376|3666|3185|2870|,89.90321597957227|88.70649933182052|89.66780794063243|88.86386104220729|88.05537896105272|,40.6662648712009|41.74679011912157|41.66164732947145|41.37217900072777|41.22400550073987|,6947|840|1231|1831|1563|1482|,6842|852|1145|1835|1622|1388|,0|0|0|0|0|0|,4096|510|731|1101|921|833|,4016|514|661|1082|950|809|,0|0|0|0|0|0|,8112,5677,4096,11936|1409|2017|3337|2853|2320|,8657|1011|1460|2435|2077|1674|,0|0|0|0|0|0|,0|0|0|0|0|,0|0|0|0|0|0|,0|0|0|0|0|0|,88|0|0|88|0|0|,0|0|0|0|0|0|,0|0|0|0|0|0|,13701|1685|2418|3536|3195|2867|,0|0|0|0|0|0|,13701|1685|2418|3536|3195|2867|,0|0|0|0|0|,0|0|0|0|0|0|,0|0|0|0|0|0|,16980|2145|2949|4540|3831|3515|,0|0|0|0|0|0|,0|0|0|0|0|0|,0|0|0|0|0|0|,0|0|0|0|0|,16980|2145|2949|4540|3831|3515|,0|0|0|0|0|0|,16980|2145|2949|4540|3831|3515|,15|15|15|15|15|15|,0.7997266194150395|0.7993683947263999|0.7994732916520234|0.7997382502814825|0.7996145261630796|0.7997472552376096|,0.80351487901|0.799054373522|0.81228956229|0.800236406619|0.805546834118|0.80081300813|,0.20063093770396692,0.2055624048154326,0.19809268257306548,0.19370512727536443,4366.510801997072,1587.7620878018588,1721.3680350362572,1575.0520163890194,1641.0497712755553,1582.3894274525426,1702.721696265409,1583.1723760269515,1684.1651248418834,1587.381909184035,2116.299081320755,1617.641359492951,1656.705117531915,1620.3843689720627,0,0,0,0,0,1552|2114|3150|2638|2492|,32|37|46|38|47|,0|0|0|0|0|,163|241|442|379|330|,1552|2114|3150|2638|2492|,163|241|442|379|330|,0,0,0,132,86,3878,
7,25329|5113|5155|5036|5071|4954|,1.0025912838633686,16980|2145|2949|4540|3831|3515|,87.97631696638518|87.59300906182429|89.25127602672526|89.03466373196632|89.06360150637303|,45.44296949636811|45.35490477149354|46.57201027430915|46.426709308224545|46.34170430291914|,8558|1081|1488|2300|1880|1809|,8422|1064|1461|2240|1951|1706|,0|0|0|0|0|0|,4454|582|779|1188|945|960|,4356|537|733|1186|1022|878|,0|0|0|0|0|0|,8810,8170,4454,16031|2131|2675|4257|3623|3345|,11398|1522|1895|3028|2577|2376|,0|0|0|0|0|0|,0|0|0|0|0|,0|0|0|0|0|0|,0|0|0|0|0|0|,395|0|0|395|0|0|,0|0|0|0|0|0|,0|0|0|0|0|0|,16585|2159|2967|4107|3855|3497|,0|0|0|0|0|0|,16585|2159|2967|4107|3855|3497|,0|0|0|0|0|,0|0|0|0|0|0|,0|0|0|0|0|0|,21218|2759|3588|5681|4726|4464|,4194|0|261|1674|1215|1044|,0|0|0|0|0|0|,0|0|0|0|0|0|,0|0|0|0|0|,17024|2759|3327|4007|3511|3420|,0|0|0|0|0|0|,17024|2759|3327|4007|3511|3420|,15|15|15|15|15|15|,0.7997485349631868|0.7994068350711707|0.7995185130374499|0.7997233596615498|0.7996379964852347|0.7998127512853873|,0.803376521398|0.799067599068|0.809087826382|0.806534508076|0.79961715827|0.801232811759|,0.20094228504122497,0.20621319199057714,0.19793875147232037,0.19355123674911662,4393.793393446791,1569.5517406830938,1694.729286693961,1571.1166627305797,1609.020526783109,1585.31077453589,1650.2238697704895,1630.5233755364197,1657.2754113075766,1638.4023106943007,2003.0482507058823,1799.2726056085467,1851.1916522025315,1698.801440154884,0,0,0,0,0,1922|2250|2560|2199|2144|,21|40|27|29|30|,0|0|0|0|0|,207|257|191|237|277|,1922|2250|2560|2199|2144|,207|257|191|237|277|,3,2,0,136,93,4220,
8,25100|5019|4991|5108|5057|4925|,1.1952537593984962,17024|2759|3327|4007|3511|3420|,85.72791229197604|81.8262447552024|64.8124319709588|69.6836169784456|72.04333717257501|,48.33781717093188|48.65701945599513|40.025476615548456|44.45987382334902|47.07697281601727|,8560|1388|1688|2003|1789|1692|,8464|1371|1639|2004|1722|1728|,0|0|0|0|0|0|,2609|628|649|430|444|458|,2587|590|636|435|450|476|,0|0|0|0|0|0|,5196,11828,2609,10611|2458|2553|1526|1836|2238|,7263|1672|1752|1040|1255|1544|,0|0|0|0|0|0|,0|0|0|0|0|,0|0|0|0|0|0|,0|0|0|0|0|0|,0|0|0|0|0|0|,0|0|0|0|0|0|,0|0|0|0|0|0|,17024|2608|3147|4319|3563|3387|,0|0|0|0|0|0|,17024|2608|3147|4319|3563|3387|,0|0|0|0|0|,0|0|0|0|0|0|,0|0|0|0|0|0|,20372|3267|3774|4973|4387|3971|,24|0|0|18|6|0|,0|0|0|0|0|0|,0|0|0|0|0|0|,0|0|0|0|0|,20348|3267|3774|4955|4381|3971|,0|0|0|0|0|0|,20348|3267|3774|4955|4381|3971|,15|15|15|15|15|15|,0.799775580584229|0.7994378935274072|0.7994320558625561|0.7996466108609077|0.799795859335958|0.7996102504474312|,0.801495927318|0.800773227015|0.811441739305|0.800931702853|0.79663913415|0.798050682261|,0.20045230263157895,0.20435855263157895,0.19974741541353383,0.19302161654135339,4380.471219510925,1660.02104091628,1628.6040549323163,1661.5352383457994,1627.596561843175,1712.6479351388382,1686.1658482465316,1617.727144889136,1658.1178842265583,1623.8310631613062,1674.8762546785715,1507.4899074639347,1512.58843144,1561.5293475085189,0,0,0,0,0,2094|2550|3972|3388|2935|,31|46|52|38|45|,0|0|0|0|0|,356|377|445|374|297|,2094|2550|3972|3388|2935|,356|377|445|374|297|,1,0,0,84,57,2467,
9,24823|5012|4910|4954|4919|5028|,1.0253587576174563,20348|3267|3774|4955|4381|3971|,77.938569216041|75.69504267473262|76.60795992811545|74.42121904410571|73.42757700826039|,47.430780180315885|48.17090157953101|47.545352401514116|47.65018173555922|46.49884021107326|,10288|1660|1924|2508|2219|1977|,10060|1607|1850|2447|2162|1994|,0|0|0|0|0|0|,3300|580|591|852|661|616|,3302|536|605|836|703|622|,0|0|0|0|0|0|,6602,13746,3300,14056|2498|2826|3683|2648|2401|,9715|1721|1947|2551|1835|1661|,0|0|0|0|0|0|,0|0|0|0|0|,0|0|0|0|0|0|,0|0|0|0|0|0|,454|0|0|454|0|0|,0|0|0|0|0|0|,0|0|0|0|0|0|,19894|3218|3716|4531|4443|3986|,0|0|0|0|0|0|,19894|3218|3716|4531|4443|3986|,0|0|0|0|0|,0|0|0|0|0|0|,0|0|0|0|0|0|,24235|3671|4244|6421|5282|4617|,3308|0|0|2497|811|0|,0|0|0|0|0|0|,0|0|0|0|0|0|,0|0|0|0|0|,20864|3671|4244|3781|4551|4617|,0|0|0|0|0|0|,20864|3671|4244|3781|4551|4617|,15|15|15|15|15|15|,0.7997241810883909|0.7992994942795983|0.7994240148686983|0.7996712898426912|0.7997516580688993|0.7997499943083959|,0.801274490531|0.800428527701|0.802508390744|0.80235452405|0.80270866621|0.79786787543|,0.19999508551208964,0.20537644977393354,0.19874189109494791,0.19380283074503638,4349.529192881214,1614.453312151569,1545.159390199536,1621.848226936474,1617.3837542478827,1647.1320726349547,1611.518248796034,1638.9589169755984,1603.3332922379182,1632.1468005772188,1616.2054052846715,1580.05609361874,1529.8183228474577,1590.135565664515,0,0,0,0,0,2466|2961|2897|3284|3364|,45|52|48|54|56|,0|0|0|0|0|,383|352|433|504|457|,2466|2961|2897|3284|3364|,383|352|433|504|457|,1,1,0,82,51,3165,
10,24873|5046|5021|4872|4896|5038|,1.0181173312883436,20864|3671|4244|3781|4551|4617|,78.44206288717058|77.48680052470309|89.29254231111383|84.6935698452726|80.22076147413631|,47.02987705731617|44.94368246103997|47.85014863068155|48.391773662553405|46.9410478079864|,10592|1871|2152|1916|2333|2320|,10272|1800|2092|1865|2218|2297|,0|0|0|0|0|0|,4254|649|723|1036|999|847|,4221|652|743|969|965|892|,0|0|0|0|0|0|,8475,12389,4254,17040|2712|2697|4031|4227|3373|,11764|1876|1861|2762|2930|2335|,0|0|0|0|0|0|,0|0|0|0|0|,0|0|0|0|0|0|,0|0|0|0|0|0|,1391|0|0|805|572|14|,0|0|0|0|0|0|,0|0|0|0|0|0|,19473|3615|4228|3106|3959|4565|,0|0|0|0|0|0|,19473|3615|4228|3106|3959|4565|,0|0|0|0|0|,0|0|0|0|0|0|,0|0|0|0|0|0|,24749|3744|4181|6557|5425|4842|,3752|0|0|2764|966|22|,0|0|0|0|0|0|,0|0|0|0|0|0|,0|0|0|0|0|,21242|3744|4181|3995|4492|4830|,0|0|0|0|0|0|,21242|3744|4181|3995|4492|4830|,15|15|15|15|15|15|,0.7997120240539668|0.7994194127773959|0.7997060791113725|0.7995191439036522|0.7996799152964241|0.7996221176750292|,0.799383307771|0.792336329792|0.801680804273|0.80137529754|0.800410166264|0.800231030251|,0.19941046779141106,0.20688746165644173,0.20012940950920247,0.1925086273006135,4307.011047624826,1614.076731582606,1571.1882902963953,1608.300630356874,1622.8843093859537,1640.0511305361308,1551.3080131726908,1670.05019905268,1582.3054016116341,1699.3310035920256,1629.6557734545456,1553.8547269935036,1614.1952069866668,1546.9224176403523,0,0,0,0,0,2457|2879|2564|2860|3202|,34|57|63|68|60|,0|0|0|0|0|,417|409|525|609|530|,2457|2879|2564|2860|3202|,417|409|525|609|530|,0,0,0,72,52,4130,
11,24660|4945|4992|4799|4947|4977|,1.025280105451464,21242|3744|4181|3995|4492|4830|,80.613618641687|81.9064837115379|89.4449414444006|89.03965570058264|82.6325321568688|,48.581456815864456|48.03799571240616|53.049452261081676|52.030234319399504|48.24479069701997|,10751|1884|2096|2055|2255|2461|,10491|1860|2085|1940|2237|2369|,0|0|0|0|0|0|,4508|721|809|981|1053|944|,4409|665|835|911|1034|964|,0|0|0|0|0|0|,8917,12325,4508,19551|3320|3262|4197|4723|4049|,14018|2373|2330|3017|3386|2912|,0|0|0|0|0|0|,0|0|0|0|0|,0|0|0|0|0|0|,0|0|0|0|0|0|,2110|0|70|643|738|659|,0|0|0|0|0|0|,0|0|0|0|0|0|,19132|3689|4083|3538|3679|4143|,0|0|0|0|0|0|,19132|3689|4083|3538|3679|4143|,0|0|0|0|0|,0|0|0|0|0|0|,0|0|0|0|0|0|,24665|3910|4152|6370|5389|4844|,3125|0|0|2478|647|0|,0|0|0|0|0|0|,0|0|0|0|0|0|,0|0|0|0|0|,21779|3910|4152|4081|4792|4844|,0|0|0|0|0|0|,21779|3910|4152|4081|4792|4844|,15|15|15|15|15|15|,0.7997179606174718|0.7994170896606461|0.7997973124091489|0.7997377510373574|0.7994625995833892|0.7996678226005798|,0.799548065154|0.797008547009|0.804034122618|0.80008343763|0.801647373108|0.795238095238|,0.19866302608040673,0.20483005366726298,0.20245268807080313,0.19268430467940872,4331.976929147296,1611.0576919514692,1682.890517952699,1603.6238833184266,1586.2899140466232,1610.5680868741708,1630.9176025716683,1691.557712578284,1598.6501574983602,1684.350463988524,1486.6056272054795,1648.9200675949514,1658.8631391489364,1692.9448517850562,0,0,0,0,0,2504|2686|2755|2964|3028|,55|61|47|69|55|,0|0|0|0|0|,404|473|478|606|624|,2504|2686|2755|2964|3028|,404|473|478|606|624|,0,0,0,58,47,4403,
12,25255|4899|5166|5188|5046|4956|,1.0375591165801918,21779|3910|4152|4081|4792|4844|,80.22428641228808|82.66816966160734|87.16371998226272|84.33472425633423|82.46996366134455|,50.27757780898092|51.61315452187836|51.10061597576151|53.942738691202|53.635668043233935|,10900|1955|2057|2066|2398|2424|,10879|1955|2095|2015|2394|2420|,0|0|0|0|0|0|,4508|752|827|997|999|933|,4457|733|837|995|980|912|,0|0|0|0|0|0|,8965,12814,4508,19924|3388|3904|3882|4382|4368|,14525|2460|2841|2840|3198|3186|,0|0|0|0|0|0|,0|0|0|0|0|,0|0|0|0|0|0|,0|0|0|0|0|0|,199|0|0|79|0|120|,0|0|0|0|0|0|,0|0|0|0|0|0|,21580|3850|4051|4247|4788|4644|,0|0|0|0|0|0|,21580|3850|4051|4247|4788|4644|,0|0|0|0|0|,0|0|0|0|0|0|,0|0|0|0|0|0|,26979|4236|4654|6766|5909|5414|,4645|0|0|2639|1306|700|,0|0|0|0|0|0|,0|0|0|0|0|0|,0|0|0|0|0|,22597|4236|4654|4261|4643|4803|,0|0|0|0|0|0|,22597|4236|4654|4261|4643|4803|,15|15|15|15|15|15|,0.7996636342448417|0.7991851396401994|0.7998191011938129|0.7996531700835584|0.7994895165309832|0.7995391886080504|,0.797052206254|0.79863597613|0.797366730893|0.79833374173|0.797857540345|0.793627855767|,0.19663437256072364,0.2052894990587263,0.20253455163230635,0.19470590936222967,4332.252886629994,1617.3998084537102,1698.777945590448,1651.7433962870343,1660.6159334942,1608.0613676043852,1572.3989807728744,1681.0990022102078,1587.6337957021785,1667.8260780431515,1607.5933086993007,1702.0862402502876,1630.5902264370861,1679.6901992911883,0,0,0,0,0,2854|3039|3004|3124|3120|,42|68|55|59|70|,0|0|0|0|0|,412|484|478|575|580|,2854|3039|3004|3124|3120|,412|484|478|575|580|,0,1,0,57,35,4415,
13,24613|5023|4963|4961|4844|4822|,0.9737575784396159,22597|4236|4654|4261|4643|4803|,80.82854821921033|81.67574274692052|86.85870062808658|87.02475456299979|85.0683847662989|,50.17655859361254|51.80511668305409|52.02406684848922|54.12577654728443|52.709046074854975|,11324|2102|2320|2137|2296|2469|,11273|2134|2334|2124|2347|2334|,0|0|0|0|0|0|,4853|811|904|1016|1052|1070|,4755|814|871|1023|1061|986|,0|0|0|0|0|0|,9608,12989,4853,22063|3474|3918|4386|4918|5367|,15300|2404|2717|3054|3400|3725|,0|0|0|0|0|0|,0|0|0|0|0|,0|0|0|0|0|0|,0|0|0|0|0|0|,794|0|22|437|333|2|,0|0|0|0|0|0|,0|0|0|0|0|0|,21803|4140|4548|4070|4334|4711|,0|0|0|0|0|0|,21803|4140|4548|4070|4334|4711|,0|0|0|0|0|,0|0|0|0|0|0|,0|0|0|0|0|0|,28566|4385|5046|7121|6262|5752|,6624|0|138|3274|2018|1194|,0|0|0|0|0|0|,0|0|0|0|0|0|,0|0|0|0|0|,22004|4385|4963|3712|4364|4580|,0|0|0|0|0|0|,22004|4385|4963|3712|4364|4580|,15|15|15|15|15|15|,0.7996815173139651|0.7991793886833571|0.7997939354329484|0.7994574942522139|0.7997079107087299|0.7995591652203053|,0.79746574029|0.802565313189|0.798166451798|0.798325901588|0.795893459688|0.793046012909|,0.19717219099880515,0.206266318537859,0.20062397663406648,0.19376465902553436,4339.861083812077,1637.0029380422116,1518.9261730817911,1623.6006695494443,1628.2068098344992,1629.026267230419,1586.7881497737706,1687.4237557685512,1550.1132739871564,1697.2227629548343,1646.5666837908498,1670.8199662334903,1755.5793226853148,1577.6227738672058,0,0,0,0,0,2853|3187|2742|2791|2779|,49|75|47|69|56|,0|0|0|0|0|,413|504|471|524|580|,2853|3187|2742|2791|2779|,413|504|471|524|580|,0,0,0,43,23,4787,
14,24707|4766|5109|4926|5034|4872|,1.01876931467006,22004|4385|4963|3712|4364|4580|,80.37587903550448|82.39532749808647|92.18321202476558|88.80943557279107|86.73243136646465|,50.1156580906089|51.09503431718063|54.195114748939964|53.717264997741346|53.76050501561127|,11037|2189|2530|1898|2117|2303|,10967|2196|2433|1814|2247|2277|,0|0|0|0|0|0|,4727|805|969|1005|989|959|,4634|783|907|950|1014|980|,0|0|0|0|0|0|,9361,12643,4727,21887|3441|4414|4410|4342|5280|,15506|2447|3112|3128|3070|3749|,0|0|0|0|0|0|,0|0|0|0|0|,0|0|0|0|0|0|,0|0|0|0|0|0|,386|0|61|325|0|0|,0|0|0|0|0|0|,0|0|0|0|0|0|,21618|4265|4774|3691|4416|4472|,0|0|0|0|0|0|,21618|4265|4774|3691|4416|4472|,0|0|0|0|0|,0|0|0|0|0|0|,0|0|0|0|0|0|,27999|4415|5174|6966|5918|5526|,5551|0|55|3223|1383|890|,0|0|0|0|0|0|,0|0|0|0|0|0|,0|0|0|0|0|,22417|4415|5145|3511|4655|4691|,0|0|0|0|0|0|,22417|4415|5145|3511|4655|4691|,15|15|15|15|15|15|,0.799717840629264|0.7990937887749215|0.7998051996216694|0.7996143971555439|0.7996129957967909|0.7997456427222974|,0.798339695813|0.804028886355|0.794882127745|0.791936063218|0.800794378246|0.799490538574|,0.19880476277040537,0.20587165969823668,0.1996455189965461,0.19473732048718415,4364.320584268248,1625.19213593643,1650.474681727168,1661.9340742681532,1665.4885509350056,1607.1762141711383,1586.1893015348164,1712.485206261465,1568.0865857787162,1719.0793585106458,1697.983783037594,1669.819814361252,1671.923947265823,1646.6483675810478,0,0,0,0,0,2962|3261|2662|3030|2791|,60|61|53|58|59|,0|0|0|0|0|,399|521|394|484|531|,2962|3261|2662|3030|2791|,399|521|394|484|531|,0,0,0,44,19,4664,
15,24918|4956|4943|4994|5101|4924|,1.011241468528349,22417|4415|5145|3511|4655|4691|,79.81337830829546|80.90159150546157|90.51298221017393|82.99493835617785|83.1517104820709|,50.06665569606203|51.028853064766814|55.46964988814003|53.60453916896571|53.86406208075345|,11251|2252|2591|1761|2269|2378|,11166|2163|2554|1750|2386|2313|,0|0|0|0|0|0|,4533|819|963|916|933|902|,4498|813|958|900|935|892|,0|0|0|0|0|0|,9031,13386,4533,21095|3555|4954|3981|4039|4566|,14587|2455|3427|2753|2799|3153|,0|0|0|0|0|0|,0|0|0|0|0|,0|0|0|0|0|0|,0|0|0|0|0|0|,629|0|507|39|0|83|,0|0|0|0|0|0|,0|0|0|0|0|0|,21788|4307|4454|3833|4710|4484|,0|0|0|0|0|0|,21788|4307|4454|3833|4710|4484|,0|0|0|0|0|,0|0|0|0|0|0|,0|0|0|0|0|0|,28296|4542|5224|6994|5983|5553|,5752|0|405|3176|1362|809|,0|0|0|0|0|0|,0|0|0|0|0|0|,0|0|0|0|0|,22669|4542|4927|3658|4681|4861|,0|0|0|0|0|0|,22669|4542|4927|3658|4681|4861|,15|15|15|15|15|15|,0.799670701508487|0.7992411504245068|0.7997624509565963|0.7994756034275967|0.7995244440701262|0.799649391894683|,0.797668436157|0.801887504719|0.796177518626|0.787429981961|0.799498746867|0.801179563704|,0.19900075835303566,0.20562519516438418,0.20089664094214213,0.19507516616853282,4315.488344705936,1647.534471978385,1555.9281500617062,1625.1043243182096,1644.2465715799879,1648.0863989149896,1571.4182889915692,1710.8349261507974,1549.112665990773,1690.5921975779536,1919.671184176471,1630.2557583991568,1550.1154684255318,1591.3130127468985,0,0,0,0,0,2972|2895|2761|3189|3014|,43|59|48|58|69|,0|0|0|0|0|,427|516|423|557|579|,2972|2895|2761|3189|3014|,427|516|423|557|579|,0,0,0,43,13,4477,
16,24948|4850|5155|4973|4881|5089|,1.0086461687767436,22669|4542|4927|3658|4681|4861|,80.48626235753729|81.71203587637568|91.19961785134882|88.9649530176209|86.00258884571187|,50.18900187813648|51.45593892158643|56.12937097002239|55.267435844072345|55.8827311520969|,11371|2301|2504|1806|2372|2388|,11298|2241|2423|1852|2309|2473|,0|0|0|0|0|0|,4811|866|963|905|1098|979|,4924|851|936|966|1118|1053|,0|0|0|0|0|0|,9735,12934,4811,22410|3897|4244|4537|4903|4829|,16048|2793|3036|3252|3522|3445|,0|0|0|0|0|0|,0|0|0|0|0|,0|0|0|0|0|0|,0|0|0|0|0|0|,661|0|0|181|480|0|,0|0|0|0|0|0|,0|0|0|0|0|0|,22008|4428|4807|3790|4211|4772|,0|0|0|0|0|0|,22008|4428|4807|3790|4211|4772|,0|0|0|0|0|,0|0|0|0|0|0|,0|0|0|0|0|0|,28370|4609|5067|7112|6070|5512|,5472|0|0|3309|1674|489|,0|0|0|0|0|0|,0|0|0|0|0|0|,0|0|0|0|0|,22865|4609|5067|3635|4459|5095|,0|0|0|0|0|0|,22865|4609|5067|3635|4459|5095|,15|15|15|15|15|15|,0.7996049138065345|0.7989901225562575|0.7996002855409292|0.7996846739392867|0.7994800828650879|0.7995287507415046|,0.795594571147|0.791061206517|0.791286110547|0.801622015673|0.79633981343|0.798943975862|,0.20084697163527285,0.20483920772861616,0.2012660461423089,0.1942079491817019,4362.557595376431,1627.4378048524718,1666.5564077067258,1653.8270446099039,1704.7797345887593,1656.8562587168417,1528.2404131682447,1703.0707601121112,1552.7716723254312,1703.1049701084542,1706.866966277778,1750.253587903459,1637.1343165378153,1666.1410135425479,0,0,0,0,0,3018|3279|2738|2854|3098|,40|52|43|58|70|,0|0|0|0|0|,447|528|419|539|611|,3018|3279|2738|2854|3098|,447|528|419|539|611|,0,0,0,39,12,4760,
17,24867|4958|5045|4927|5061|4876|,0.9955827684233545,22865|4609|5067|3635|4459|5095|,80.00605836662267|80.39388931278378|91.37579301733501|86.61245877404973|84.75429144387941|,50.70122689252783|53.08541503035615|56.18147692361285|56.724989295540006|56.28029797944352|,11439|2281|2562|1819|2222|2555|,11426|2328|2505|1816|2237|2540|,0|0|0|0|0|0|,4527|834|898|934|885|976|,4679|843|916|957|961|1002|,0|0|0|0|0|0|,9206,13659,4527,22343|3797|4224|4271|4572|5479|,16356|2784|3088|3113|3355|4016|,0|0|0|0|0|0|,0|0|0|0|0|,0|0|0|0|0|0|,0|0|0|0|0|0|,1612|3|451|445|171|542|,0|0|0|0|0|0|,0|0|0|0|0|0|,21253|4467|4458|3549|4357|4422|,0|0|0|0|0|0|,21253|4467|4458|3549|4357|4422|,0|0|0|0|0|,0|0|0|0|0|0|,0|0|0|0|0|0|,27240|4616|4749|6742|5714|5419|,4472|0|0|2855|923|694|,0|0|0|0|0|0|,0|0|0|0|0|0|,0|0|0|0|0|,22764|4616|4749|3699|4912|4788|,0|0|0|0|0|0|,22764|4616|4749|3699|4912|4788|,15|15|15|15|15|15|,0.7996375898638549|0.7990949297319888|0.7997397078996716|0.7994353636854994|0.799607440599518|0.7996301157946674|,0.797550841898|0.796412815506|0.798302743241|0.795048143054|0.800328922778|0.797186784429|,0.20063415700852832,0.20426415919527663,0.20104963918652963,0.1935053575333479,4339.316630330021,1643.7190533295172,1668.034052985843,1669.4330139423896,1616.410233663239,1649.5497036622394,1566.739881094308,1700.8843834197721,1525.5278940803807,1686.1286264194089,1709.8935881167886,1748.6772497825489,1620.0173114594597,1623.6256319050574,0,0,0,0,0,3141|3097|2774|3268|2915|,58|45|52|70|60|,0|0|0|0|0|,404|471|509|536|543|,3141|3097|2774|3268|2915|,404|471|509|536|543|,0,0,0,33,28,4466,
18,25092|5036|4965|5156|4926|5009|,1.032112106835354,22764|4616|4749|3699|4912|4788|,79.23116888447537|80.43061973664203|93.82879835412812|86.54416592624933|84.40205907248884|,49.351410464641475|50.53512353426608|57.56160073703349|53.350013204601034|52.942826937450846|,11483|2281|2398|1885|2519|2400|,11281|2335|2351|1814|2393|2388|,0|0|0|0|0|0|,4700|831|872|955|1098|944|,4822|856|885|988|1079|1014|,0|0|0|0|0|0|,9522,13242,4700,21260|3686|4070|4202|5086|4216|,15250|2634|2915|3010|3660|3031|,0|0|0|0|0|0|,0|0|0|0|0|,0|0|0|0|0|0|,0|0|0|0|0|0|,885|0|153|280|452|0|,0|0|0|0|0|0|,0|0|0|0|0|0|,21879|4505|4524|3708|4454|4688|,0|0|0|0|0|0|,21879|4505|4524|3708|4454|4688|,0|0|0|0|0|,0|0|0|0|0|0|,0|0|0|0|0|0|,27889|4622|4831|6916|6077|5443|,4712|0|0|2622|1530|560|,0|0|0|0|0|0|,0|0|0|0|0|0|,0|0|0|0|0|,23495|4622|4831|4467|4621|4954|,0|0|0|0|0|0|,23495|4622|4831|4467|4621|4954|,15|15|15|15|15|15|,0.7996209740475545|0.7993948534572436|0.7996563073801132|0.7996951018304195|0.7994239328799244|0.7994495864417379|,0.797194400515|0.798165800116|0.79623780445|0.800306389114|0.794584690554|0.797479810638|,0.19877877350202072,0.20451150940080828,0.19943770866280092,0.19359515023721666,4368.324474310641,1625.3373297200976,1660.1905095600912,1651.6308214262483,1707.327153958334,1632.2908884957865,1570.762100654334,1678.63762018689,1547.9280534092172,1696.773072097439,1524.6480374011298,1537.1977921798612,1450.2511644827587,1598.591133662843,0,0,0,0,0,3049|3103|3059|2907|3123|,52|69|67|78|85|,0|0|0|0|0|,469|504|534|583|571|,3049|3103|3059|2907|3123|,469|504|534|583|571|,0,0,0,23,7,4670,
19,25163|4958|5115|5124|4967|4999|,0.9793998723132581,23495|4622|4831|4467|4621|4954|,80.98803814080837|81.96976444055736|89.56668315552416|87.61737843746285|82.52475103206342|,50.80616634365487|51.202967766076846|57.159352340801064|57.12461017427506|55.480600510183905|,11851|2299|2460|2244|2319|2529|,11644|2323|2371|2223|2302|2425|,0|0|0|0|0|0|,4693|876|928|1023|954|912|,4752|859|896|1079|1009|909|,0|0|0|0|0|0|,9445,14050,4693,22796|4139|4254|4402|4995|5006|,15229|2759|2847|2962|3336|3325|,0|0|0|0|0|0|,0|0|0|0|0|,0|0|0|0|0|0|,0|0|0|0|0|0|,701|0|0|376|0|325|,0|0|0|0|0|0|,0|0|0|0|0|0|,22794|4494|4708|4369|4642|4581|,0|0|0|0|0|0|,22794|4494|4708|4369|4642|4581|,0|0|0|0|0|,0|0|0|0|0|0|,0|0|0|0|0|0|,30361|5013|5317|7599|6542|5890|,7547|205|366|3630|2223|1123|,0|0|0|0|0|0|,0|0|0|0|0|0|,0|0|0|0|0|,23011|4879|5022|3850|4467|4793|,0|0|0|0|0|0|,23011|4879|5022|3850|4467|4793|,15|15|15|15|15|15|,0.799568486685062|0.799318785796899|0.7995640705240282|0.799391050459215|0.7996151959908538|0.7995027269313969|,0.798113073704|0.7992211164|0.798385427448|0.79635848071|0.793118372647|0.803054770556|,0.19982975101085337,0.20444775484145564,0.197148329431794,0.1929559480740583,4351.753305201792,1657.8562759628287,1650.62667772973,1636.8933507319298,1711.8007955550854,1640.8756738832549,1566.5241996303732,1691.954574216488,1566.6566572268969,1682.3725261694676,1609.6192709316772,1614.1793761438666,1679.687211097561,1471.4885389501783,0,0,0,0,0,2978|3116|2758|2803|2861|,57|53|72|72|71|,0|0|0|0|0|,489|528|519|566|632|,2978|3116|2758|2803|2861|,489|528|519|566|632|,0,0,0,11,7,4675,
20,25291|5028|4979|5089|5086|5109|,1.0288557646343053,23011|4879|5022|3850|4467|4793|,80.57512335019338|81.8316751833376|94.58218430046904|91.0981397976685|89.55044652836366|,51.87207258068594|52.79195339622274|59.282094548098854|57.2059186263033|57.01678907572975|,11656|2479|2578|1933|2233|2433|,11355|2400|2444|1917|2234|2360|,0|0|0|0|0|0|,5027|887|966|1000|1104|1070|,4975|879|928|1035|1067|1066|,0|0|0|0|0|0|,10002,13009,5027,24139|4305|4277|4657|5282|5618|,16269|2890|2887|3144|3563|3785|,0|0|0|0|0|0|,0|0|0|0|0|,0|0|0|0|0|0|,0|0|0|0|0|0|,1302|253|383|302|364|0|,0|0|0|0|0|0|,0|0|0|0|0|0|,21709|4515|4507|3858|4210|4619|,0|0|0|0|0|0|,21709|4515|4507|3858|4210|4619|,0|0|0|0|0|,0|0|0|0|0|0|,0|0|0|0|0|0|,29579|5051|5122|7254|6250|5902|,6064|189|208|3174|1522|971|,0|0|0|0|0|0|,0|0|0|0|0|0|,0|0|0|0|0|,23675|4926|4980|3952|4783|5034|,0|0|0|0|0|0|,23675|4926|4980|3952|4783|5034|,15|15|15|15|15|15|,0.7995407973134019|0.7993764745286434|0.799198765046169|0.7993065609714961|0.7996687044946026|0.7996048291615898|,0.797763388524|0.798865887819|0.798685782557|0.795844155844|0.800014924259|0.795117880242|,0.200078223458346,0.20607535526487333,0.1982530094302725,0.19184303159358568,4340.74677327631,1612.2523285109644,1674.5462312123802,1670.2743118121277,1603.0211752779787,1594.979235363613,1577.8445843974794,1717.5439715152208,1566.6052117195936,1708.6367013043366,1691.324116,1791.9874876874799,1674.6033544137933,1590.9434856653595,0,0,0,0,0,2988|3038|2805|2835|2783|,52|65|70|73|70|,0|0|0|0|0|,494|527|536|602|629|,2988|3038|2805|2835|2783|,494|527|536|602|629|,0,0,0,10,6,5011,
21,25120|5088|5007|5176|4877|4972|,0.9777824709609293,23675|4926|4980|3952|4783|5034|,79.8438740424509|82.85962686051958|95.52160956684065|86.83978265397197|86.16162995185282|,52.53444797990296|54.63190467469724|61.52152883368999|59.674023440429224|57.87025890038678|,11991|2500|2521|2044|2405|2521|,11684|2426|2459|1908|2378|2513|,0|0|0|0|0|0|,4916|880|969|1087|946|1034|,4803|898|936|1011|1003|955|,0|0|0|0|0|0|,9719,13956,4916,24972|4361|4386|5733|4926|5566|,18328|3196|3213|4229|3598|4092|,0|0|0|0|0|0|,0|0|0|0|0|,0|0|0|0|0|0|,0|0|0|0|0|0|,1277|249|326|241|154|307|,0|0|0|0|0|0|,0|0|0|0|0|0|,22398|4561|4562|4065|4613|4597|,0|0|0|0|0|0|,22398|4561|4562|4065|4613|4597|,0|0|0|0|0|,0|0|0|0|0|0|,0|0|0|0|0|0|,29042|4855|4904|7410|6201|5672|,5935|0|0|3284|1856|795|,0|0|0|0|0|0|,0|0|0|0|0|0|,0|0|0|0|0|,23149|4855|4904|3966|4450|4974|,0|0|0|0|0|0|,23149|4855|4904|3966|4450|4974|,15|15|15|15|15|15|,0.7995110120438131|0.7991038722394456|0.7992340714934705|0.7991466294931896|0.7994597054430016|0.7997719664669862|,0.797324885604|0.805521721478|0.798527443106|0.794871794872|0.795804585685|0.79148457158|,0.1993664202745512,0.20703273495248153,0.1993453009503696,0.19165786694825765,4351.521687867373,1631.4681662011387,1666.1867373535142,1600.8413483981224,1596.4909098823534,1637.0555406419348,1570.2316256963495,1697.995631681931,1559.9160455933932,1703.92787648898,1590.657271261905,1710.0685417322477,1888.421055651163,1691.3569427737134,0,0,0,0,0,3153|3117|2887|2881|2972|,67|63|61|74|75|,0|0|0|0|0|,470|551|512|544|651|,3153|3117|2887|2881|2972|,470|551|512|544|651|,0,0,0,13,6,4897,
22,24665|5033|4858|4994|4868|4912|,0.9940386193788069,23149|4855|4904|3966|4450|4974|,79.61457409770449|83.93337677843022|95.02844972204132|88.63403125295287|88.32000096014296|,52.62244757770472|56.40239592872499|60.81557985644015|59.7418919027269|60.198290374935915|,11675|2415|2477|2029|2242|2512|,11474|2440|2427|1937|2208|2462|,0|0|0|0|0|0|,5006|860|972|1111|994|1069|,4806|877|912|1028|973|1016|,0|0|0|0|0|0|,9812,13337,5006,25411|4202|4733|5407|5282|5787|,18353|3030|3426|3899|3816|4182|,0|0|0|0|0|0|,0|0|0|0|0|,0|0|0|0|0|0|,0|0|0|0|0|0|,1272|239|350|480|0|203|,0|0|0|0|0|0|,0|0|0|0|0|0|,21877|4502|4441|3812|4510|4612|,0|0|0|0|0|0|,21877|4502|4441|3812|4510|4612|,0|0|0|0|0|,0|0|0|0|0|0|,0|0|0|0|0|0|,28935|4785|5019|7220|6137|5774|,5977|0|54|3202|1682|1039|,0|0|0|0|0|0|,0|0|0|0|0|0|,0|0|0|0|0|,23011|4785|4985|3823|4528|4890|,0|0|0|0|0|0|,23011|4785|4985|3823|4528|4890|,15|15|15|15|15|15|,0.7994555251142169|0.7989590680365689|0.7991502370250517|0.7994660891743546|0.7992882800993141|0.7995812577365846|,0.798090630265|0.806041881222|0.799483414899|0.797865187426|0.796554307116|0.790510655408|,0.20370210376258155,0.20653159963713336,0.1981295088340749,0.18942502915892695,4366.010071547745,1613.605244613114,1667.5794631149495,1658.4908180261098,1603.1747521077586,1641.7910805223366,1550.5569438511031,1686.2335804714849,1554.0570512894842,1695.781038543538,1817.2569717600002,1771.6701471878189,1745.1546059005527,1648.4757545462649,0,0,0,0,0,3077|3056|2776|2799|2869|,57|67|60|66|81|,0|0|0|0|0|,479|555|472|551|581|,3077|3056|2776|2799|2869|,479|555|472|551|581|,0,0,0,13,14,4979,
23,25042|5092|4993|4888|4939|5130|,1.0178610229890053,23011|4785|4985|3823|4528|4890|,80.90330474769449|84.06559821484623|94.5299092366907|88.30185327884391|86.63002080774032|,52.76946310733056|56.4982006480835|61.34635005602573|61.269361793904366|59.67517261231929|,11596|2366|2529|1939|2318|2444|,11415|2419|2456|1884|2210|2446|,0|0|0|0|0|0|,4772|845|953|1031|961|982|,4586|851|906|963|910|956|,0|0|0|0|0|0|,9358,13653,4772,26314|4290|5351|5434|5681|5558|,19054|3111|3868|3942|4124|4009|,0|0|0|0|0|0|,0|0|0|0|0|,0|0|0|0|0|0|,0|0|0|0|0|0|,429|0|119|310|0|0|,0|0|0|0|0|0|,0|0|0|0|0|0|,22582|4644|4681|3886|4591|4780|,0|0|0|0|0|0|,22582|4644|4681|3886|4591|4780|,0|0|0|0|0|,0|0|0|0|0|0|,0|0|0|0|0|0|,29842|4857|5268|7543|6359|5815|,6605|0|322|3728|1838|717|,0|0|0|0|0|0|,0|0|0|0|0|0|,0|0|0|0|0|,23422|4857|5026|3719|4631|5189|,0|0|0|0|0|0|,23422|4857|5026|3719|4631|5189|,15|15|15|15|15|15|,0.7994082262931952|0.7992282861767243|0.7991352526318507|0.7994289192303962|0.7991134277179138|0.7995737304544561|,0.796966668115|0.796307906653|0.797525911067|0.802947074723|0.794905771496|0.79427402863|,0.20496718960497154,0.20794402676980575,0.19655816783277563,0.1892138542436226,4386.394916672257,1634.846970795554,1694.2638343285878,1664.867676902548,1688.010367389486,1652.0686848262376,1543.078129309652,1690.0064595544134,1567.4819759521838,1711.4775999795907,1835.270570111111,1646.2121410115703,1777.933516535032,1680.8439024470647,0,0,0,0,0,3128|2992|2685|2850|3141|,55|50|68|85|79|,0|0|0|0|0|,495|558|486|604|629|,3128|2992|2685|2850|3141|,495|558|486|604|629|,0,0,0,12,11,4749,
24,24982|4959|4873|5144|4985|5021|,0.996072068994962,23422|4857|5026|3719|4631|5189|,80.4460981684039|82.88051197801653|96.91401481095362|90.23999428293338|87.2239420959697|,53.03931628875168|55.70820561095032|63.05838360157088|61.88762402903314|59.915705551608724|,11719|2400|2518|1877|2318|2606|,11703|2457|2508|1842|2313|2583|,0|0|0|0|0|0|,4905|854|970|1038|1000|1043|,4716|863|889|954|1002|1008|,0|0|0|0|0|0|,9621,13801,4905,25985|4465|5157|5166|5523|5674|,20245|3477|4031|4039|4292|4406|,0|0|0|0|0|0|,0|0|0|0|0|,0|0|0|0|0|0|,0|0|0|0|0|0|,1143|250|462|117|0|314|,0|0|0|0|0|0|,0|0|0|0|0|0|,22279|4528|4445|3937|4668|4701|,0|0|0|0|0|0|,22279|4528|4445|3937|4668|4701|,0|0|0|0|0|,0|0|0|0|0|0|,0|0|0|0|0|0|,28019|4585|4861|6981|6061|5531|,4998|0|0|2861|1543|594|,0|0|0|0|0|0|,0|0|0|0|0|0|,0|0|0|0|0|,23330|4585|4861|4263|4605|5016|,0|0|0|0|0|0|,23330|4585|4861|4263|4605|5016|,15|15|15|15|15|15|,0.7994907104445584|0.7992668487714385|0.799250298500853|0.7994750208126054|0.7993897136182089|0.7995512914955926|,0.797754248143|0.800013725894|0.794468762435|0.797078067581|0.798243719859|0.798869403225|,0.20162667577491247,0.20745452992912647,0.1997267526257365,0.1911877721800017,4349.312008529258,1616.221332605662,1593.780045944182,1668.6820279731232,1699.6086459186486,1655.884465027828,1591.5656035913103,1691.8753369772182,1587.3047941213372,1684.1040821406757,1525.786454850575,1564.534280150875,1520.9469117086094,1642.9176221650619,0,0,0,0,0,3044|3099|2923|3039|3101|,67|72|54|70|62|,0|0|0|0|0|,486|564|549|611|657|,3044|3099|2923|3039|3101|,486|564|549|611|657|,0,0,0,15,12,4878,
25,24797|4959|4957|4871|5137|4873|,0.9856836690955851,23330|4585|4861|4263|4605|5016|,83.2038912872566|85.047602679206|92.13175328674612|91.89437260119385|87.41846787699372|,54.08910210531544|57.29228804181704|62.584805250511444|61.97253497377565|61.25245502211964|,11675|2244|2417|2176|2295|2543|,11655|2341|2444|2087|2310|2473|,0|0|0|0|0|0|,5079|892|996|1070|1091|1030|,4951|930|956|995|1061|1009|,0|0|0|0|0|0|,10030,13300,5079,27673|4315|5453|6116|5786|6003|,19769|3087|3892|4365|4151|4274|,0|0|0|0|0|0|,0|0|0|0|0|,0|0|0|0|0|0|,0|0|0|0|0|0|,1024|0|0|654|35|335|,0|0|0|0|0|0|,0|0|0|0|0|0|,22306|4492|4694|3979|4596|4545|,0|0|0|0|0|0|,22306|4492|4694|3979|4596|4545|,0|0|0|0|0|,0|0|0|0|0|0|,0|0|0|0|0|0|,30210|4799|5369|7632|6443|5967|,7403|0|503|3883|1699|1318|,0|0|0|0|0|0|,0|0|0|0|0|0|,0|0|0|0|0|,22996|4799|4943|3611|4873|4770|,0|0|0|0|0|0|,22996|4799|4943|3611|4873|4770|,15|15|15|15|15|15|,0.7995142925628895|0.7994054149834282|0.7993669179067819|0.7995455278053046|0.7994416288138237|0.7993576655181887|,0.798371195885|0.802108324246|0.794898169101|0.800922667918|0.797032211364|0.797381711855|,0.2003000428632662,0.21013716245177883,0.20090012858979855,0.18844834976425204,4345.8630262469005,1613.7314512625674,1656.9270395980866,1630.889232307493,1668.1373176043844,1661.598288323211,1568.6058446488237,1699.802095171262,1525.350421671619,1677.0339703008756,1546.7805331503268,1645.205058220052,1759.3266847356324,1695.353026430098,0,0,0,0,0,3038|2897|2549|2966|2833|,49|64|61|79|74|,0|0|0|0|0|,484|562|487|657|629|,3038|2897|2549|2966|2833|,484|562|487|657|629|,0,0,0,23,16,5040,
26,25154|5007|5062|5124|4930|5031|,1.0088711080187858,22996|4799|4943|3611|4873|4770|,81.22494632663238|83.61501009162352|97.1699239891987|92.02061641421635|89.63952135765753|,53.13832887706511|55.83197954361286|62.17241908183188|61.17799812326531|59.05924698618226|,11509|2399|2433|1754|2470|2453|,11487|2400|2510|1857|2403|2317|,0|0|0|0|0|0|,4910|860|919|921|1136|1074|,4901|881|921|1022|1077|1000|,0|0|0|0|0|0|,9811,13185,4910,26695|4495|5330|4559|6296|6015|,17865|2997|3554|3062|4222|4030|,0|0|0|0|0|0|,0|0|0|0|0|,0|0|0|0|0|0|,0|0|0|0|0|0|,529|148|25|40|316|0|,0|0|0|0|0|0|,0|0|0|0|0|0|,22467|4525|4797|3936|4552|4657|,0|0|0|0|0|0|,22467|4525|4797|3936|4552|4657|,0|0|0|0|0|,0|0|0|0|0|0|,0|0|0|0|0|0|,31297|5096|5538|7451|6999|6213|,8403|281|591|3395|2689|1447|,0|0|0|0|0|0|,0|0|0|0|0|0|,0|0|0|0|0|,23200|4894|5056|3935|4499|4816|,0|0|0|0|0|0|,23200|4894|5056|3935|4499|4816|,15|15|15|15|15|15|,0.7995170132416464|0.7995019279082461|0.7993253646564428|0.7994428672065568|0.7993879409425708|0.7994096869703056|,0.796892213139|0.79898589984|0.798098320858|0.797932244069|0.795266434093|0.794409503843|,0.2000782744825187,0.21247173421464602,0.20166550704470343,0.18753261436771612,4360.394236092873,1623.2821394845998,1641.6722507925294,1609.07572816235,1592.0472111945035,1605.1231167414453,1533.8874335044616,1687.7164723477365,1588.1129942788828,1710.6691679123321,1624.204257519553,1561.1891016363797,1414.9224667480917,1476.5224946666958,0,0,0,0,0,2909|2826|2809|2573|2675|,48|65|53|76|68|,0|0|0|0|0|,481|573|509|574|644|,2909|2826|2809|2573|2675|,481|573|509|574|644|,0,0,0,5,4,4901,
27,24712|4965|4795|5081|4945|4926|,0.9903879310344827,23200|4894|5056|3935|4499|4816|,79.74771184760725|83.49640466027148|95.0805004037028|89.76508331200397|88.74208880413228|,52.194575974024765|57.481055488239846|61.22465163483264|61.54456148617939|61.233918069053075|,11550|2415|2502|1941|2292|2400|,11650|2479|2554|1994|2207|2416|,0|0|0|0|0|0|,4802|855|940|1017|995|995|,4852|891|918|1088|964|991|,0|0|0|0|0|0|,9654,13546,4802,27200|4288|5823|5244|6000|5845|,18163|2867|3894|3515|4002|3885|,0|0|0|0|0|0|,0|0|0|0|0|,0|0|0|0|0|0|,0|0|0|0|0|0|,1296|440|515|193|87|61|,0|0|0|0|0|0|,0|0|0|0|0|0|,21904|4346|4371|4047|4514|4626|,0|0|0|0|0|0|,21904|4346|4371|4047|4514|4626|,0|0|0|0|0|,0|0|0|0|0|0|,0|0|0|0|0|0|,30941|5066|5601|7404|6803|6067|,8210|191|894|3345|2444|1336|,0|0|0|0|0|0|,0|0|0|0|0|0|,0|0|0|0|0|,22977|4935|4819|3913|4514|4796|,0|0|0|0|0|0|,22977|4935|4819|3913|4514|4796|,15|15|15|15|15|15|,0.7994781361474436|0.7994945020791412|0.7990857681415405|0.7997213615792848|0.799584566000466|0.7987645880587227|,0.797600574713|0.798733142624|0.799709915612|0.800931808556|0.799288730829|0.789936323367|,0.1991594827586207,0.21172413793103448,0.20170258620689654,0.18672413793103448,4337.131402872971,1627.133270051328,1643.3698206866488,1649.5541818537054,1595.4463542275978,1628.1552119908783,1550.0512660442362,1674.0197763118608,1544.4429956845272,1693.4758394908215,1594.809467248485,1597.412856561679,1694.9388330263157,1582.0323698383456,0,0,0,0,0,2975|2601|2724|2646|2771|,58|68|54|66|71|,0|0|0|0|0|,505|573|492|571|592|,2975|2601|2724|2646|2771|,505|573|492|571|592|,0,0,0,8,4,4790,
28,24759|4855|4847|5157|4976|4924|,1.0093571832702268,22977|4935|4819|3913|4514|4796|,80.75414874352833|84.86755138634564|93.52890656844043|89.26682619070097|87.39543801360172|,53.24610636286095|57.35084402421168|61.43414315768967|61.11762749000902|58.41628144167551|,11437|2422|2355|1993|2277|2390|,11540|2513|2464|1920|2237|2406|,0|0|0|0|0|0|,4840|879|914|1056|1018|973|,4919|937|943|1000|995|1044|,0|0|0|0|0|0|,9759,13218,4840,26043|4506|5333|5520|5360|5324|,18068|3128|3684|3836|3720|3700|,0|0|0|0|0|0|,0|0|0|0|0|,0|0|0|0|0|0|,0|0|0|0|0|0|,645|503|0|142|0|0|,0|0|0|0|0|0|,0|0|0|0|0|0|,22332|4301|4641|4159|4553|4678|,0|0|0|0|0|0|,22332|4301|4641|4159|4553|4678|,0|0|0|0|0|,0|0|0|0|0|0|,0|0|0|0|0|0|,30307|4904|5553|7645|6403|5802|,7307|107|791|3497|1831|1081|,0|0|0|0|0|0|,0|0|0|0|0|0|,0|0|0|0|0|,23192|4839|4835|4015|4647|4856|,0|0|0|0|0|0|,23192|4839|4835|4015|4647|4856|,15|15|15|15|15|15|,0.7995190883741059|0.7995511524865466|0.799419313950941|0.799478355222773|0.7994120606875461|0.7993092166509809|,0.799045422234|0.798919284026|0.799128449886|0.796064400716|0.800398759415|0.800250208507|,0.2022022022022022,0.21330025677851766,0.19752361056708884,0.18642555599077337,4412.71000037934,1609.9520767116508,1670.1334352627782,1688.4163825727785,1598.1840599019715,1649.6505924540193,1560.7307690207922,1679.3988432485837,1553.46909164216,1684.1290674541885,1633.356659257485,1664.1339221071514,1811.565456189349,1622.3621079782422,0,0,0,0,0,2896|2784|2791|2850|2856|,63|67|61|68|77|,0|0|0|0|0|,505|584|562|607|558|,2896|2784|2791|2850|2856|,505|584|562|607|558|,0,0,0,3,3,4834,
29,24786|5010|4867|4928|4991|4990|,1.0103052776819592,23192|4839|4835|4015|4647|4856|,80.61665518115795|83.83180171227879|95.06090039481383|89.4533328212558|84.21196057525748|,54.11467343017968|58.05143925778969|63.00345292898789|60.852302770043146|58.84104590899585|,11545|2415|2447|1980|2247|2456|,11647|2424|2388|2035|2400|2400|,0|0|0|0|0|0|,4714|877|896|1046|990|905|,4718|856|905|1035|1017|905|,0|0|0|0|0|0|,9432,13760,4714,25919|4160|5270|6256|5402|4831|,18368|2953|3738|4430|3815|3432|,0|0|0|0|0|0|,0|0|0|0|0|,0|0|0|0|0|0|,0|0|0|0|0|0|,363|0|0|363|0|0|,0|0|0|0|0|0|,0|0|0|0|0|0|,22829|4711|4738|3962|4651|4767|,0|0|0|0|0|0|,22829|4711|4738|3962|4651|4767|,0|0|0|0|0|,0|0|0|0|0|0|,0|0|0|0|0|0|,30380|4936|5342|7956|6499|5647|,7085|0|501|3975|1943|666|,0|0|0|0|0|0|,0|0|0|0|0|0|,0|0|0|0|0|,23431|4936|4909|3852|4656|5078|,0|0|0|0|0|0|,23431|4936|4909|3852|4656|5078|,15|15|15|15|15|15|,0.7995009907594627|0.7994461047820127|0.7993294042955627|0.7995874644016031|0.7994804552068219|0.7992213856259618|,0.800376566632|0.801887442309|0.801654601861|0.798588625986|0.800229538771|0.799217462932|,0.20097447395653673,0.20977061055536392,0.1983226974818903,0.18719817178337358,4376.386954700044,1625.7149178323918,1687.1548168765698,1654.0767010846212,1709.6799730391313,1684.9567294469186,1529.320005260373,1684.2919611849165,1546.3370851761717,1692.885359499705,1724.9934640903957,1580.1276065027598,1561.1615415081967,1641.1315020717425,0,0,0,0,0,3179|2868|2695|2894|3127|,73|77|64|65|81|,0|0|0|0|0|,477|567|451|548|606|,3179|2868|2695|2894|3127|,477|567|451|548|606|,0,0,0,7,1,4706,
30,25279|5094|4851|5123|5155|5056|,1.0242840681148906,23431|4936|4909|3852|4656|5078|,78.59387987401509|82.5692909207402|90.81690100453092|86.04011768828947|85.43090080892519|,53.738399862010255|56.35288945387931|61.62436174213739|60.61715051922347|58.31593826797021|,11705|2477|2471|1923|2352|2482|,11726|2459|2438|1929|2304|2596|,0|0|0|0|0|0|,4507|849|866|902|921|969|,4422|774|891|921|879|957|,0|0|0|0|0|0|,8929,14502,4507,25753|4473|4755|5170|5454|5901|,18702|3246|3447|3759|3955|4295|,0|0|0|0|0|0|,0|0|0|0|0|,0|0|0|0|0|0|,0|0|0|0|0|0|,75|0|4|51|0|20|,0|0|0|0|0|0|,0|0|0|0|0|0|,23356|4789|4731|4255|4706|4875|,0|0|0|0|0|0|,23356|4789|4731|4255|4706|4875|,0|0|0|0|0|,0|0|0|0|0|0|,0|0|0|0|0|0|,30407|5096|5340|7619|6292|6060|,6420|95|432|3396|1339|1158|,0|0|0|0|0|0|,0|0|0|0|0|0|,0|0|0|0|0|,24000|5033|4988|4101|4970|4908|,0|0|0|0|0|0|,24000|5033|4988|4101|4970|4908|,15|15|15|15|15|15|,0.7995304193492496|0.7993694081651952|0.7991725011423014|0.7995066104574698|0.7993090736607582|0.7994421461332917|,0.800036988036|0.805172879525|0.802132138249|0.797075112496|0.797107674685|0.797951949586|,0.2006316418420042,0.2095301096837523,0.19822030643165037,0.18868166104733047,4353.707523203019,1644.1835741841528,1625.0188914337036,1636.6608896067157,1707.3181980356183,1629.9666426745346,1566.1586433670454,1698.6859939395404,1578.9492652714578,1709.150751879111,1701.647464923077,1626.1645972795232,1833.0163190828025,1617.1417087131151,0,0,0,0,0,3244|3075|2981|3122|3017|,43|75|60|79|69|,0|0|0|0|0|,519|610|548|633|626|,3244|3075|2981|3122|3017|,519|610|548|633|626|,0,0,0,4,0,4503,
31,24802|5077|4847|4850|5146|4882|,0.9597916666666667,24000|5033|4988|4101|4970|4908|,78.58533096743592|84.40519202624431|93.24058344419961|87.02844925065696|86.66190772793799|,52.65202897551277|58.73755863135885|62.58790524114214|61.21170579450704|59.02481850860957|,11960|2462|2448|2087|2505|2458|,12040|2571|2540|2014|2465|2450|,0|0|0|0|0|0|,4711|804|883|1034|1021|969|,4687|826|954|996|934|977|,0|0|0|0|0|0|,9398,14602,4711,26441|4190|5205|5614|6053|5379|,18071|2853|3553|3839|4139|3687|,0|0|0|0|0|0|,0|0|0|0|0|,0|0|0|0|0|0|,0|0|0|0|0|0|,1273|308|146|640|0|179|,0|0|0|0|0|0|,0|0|0|0|0|0|,22727|4616|4646|3802|5014|4649|,0|0|0|0|0|0|,22727|4616|4646|3802|5014|4649|,0|0|0|0|0|,0|0|0|0|0|0|,0|0|0|0|0|0|,31097|5068|5563|7788|6848|5830|,8240|152|860|4084|2073|1071|,0|0|0|0|0|0|,0|0|0|0|0|0|,0|0|0|0|0|,23035|4969|4801|3622|4885|4758|,0|0|0|0|0|0|,23035|4969|4801|3622|4885|4758|,15|15|15|15|15|15|,0.7995230219907408|0.7993291826761442|0.7995045299309093|0.7996511140916122|0.7991319074743565|0.7994312201336983|,0.798763888889|0.799390688125|0.798583266506|0.797854181907|0.800804828974|0.796998098343|,0.2013125,0.2099375,0.19675,0.18895833333333334,4364.124411898962,1613.4902272810261,1669.122499875679,1636.538214302573,1650.9624943471742,1662.1459161932996,1526.3480068886497,1682.6779877928202,1521.2671716899536,1685.2503231478975,1592.303306447059,1570.1648272119862,1571.787968258065,1542.6654773391838,0,0,0,0,0,3067|2737|2541|2870|2725|,52|70|67|77|90|,0|0|0|0|0|,519|623|459|696|698|,3067|2737|2541|2870|2725|,519|623|459|696|698|,0,0,0,7,0,4704,
32,24849|5008|5020|4892|4919|5010|,0.9963533752984589,23035|4969|4801|3622|4885|4758|,79.66919816922635|85.6865949308561|94.56611045551165|90.84852810832048|90.8829620237564|,53.096766574315474|58.23791402785292|60.472658449904|61.95642154327005|61.7148405049173|,11550|2457|2421|1800|2467|2405|,11485|2512|2380|1822|2418|2353|,0|0|0|0|0|0|,4811|833|945|938|1075|1020|,4851|863|918|982|1063|1025|,0|0|0|0|0|0|,9662,13373,4811,27428|4603|5241|4850|6428|6306|,19387|3255|3700|3419|4537|4476|,0|0|0|0|0|0|,0|0|0|0|0|,0|0|0|0|0|0|,0|0|0|0|0|0|,1034|400|0|585|49|0|,0|0|0|0|0|0|,0|0|0|0|0|0|,22001|4464|4666|3487|4782|4602|,0|0|0|0|0|0|,22001|4464|4666|3487|4782|4602|,0|0|0|0|0|,0|0|0|0|0|0|,0|0|0|0|0|0|,30042|4819|5327|7252|6683|5961|,7339|0|416|3453|2324|1146|,0|0|0|0|0|0|,0|0|0|0|0|0|,0|0|0|0|0|,22951|4819|5000|3680|4562|4890|,0|0|0|0|0|0|,22951|4819|5000|3680|4562|4890|,15|15|15|15|15|15|,0.7995530896153457|0.7995369236539639|0.799469327039544|0.799583943268345|0.799292328118545|0.7993309926077172|,0.799913175602|0.803783457436|0.799277928209|0.79412847414|0.803548277039|0.797183690626|,0.2016062513566312,0.20820490557846755,0.19587584111135228,0.18873453440416757,4350.428591574311,1641.2788354259608,1573.8614580010235,1626.5548169355088,1682.3980345044026,1638.1848809109254,1565.5047593908753,1708.7557178625204,1501.495664706606,1694.1346601983362,1783.8222184418605,1731.7677799263327,1625.0568967861275,1554.6810070511533,0,0,0,0,0,2935|2887|2657|2640|2794|,63|64|57|78|83|,0|0|0|0|0|,473|603|494|648|651|,2935|2887|2657|2640|2794|,473|603|494|648|651|,0,0,0,2,0,4809,
33,25587|5094|5136|5154|5244|4959|,1.029149056685983,22951|4819|5000|3680|4562|4890|,79.3241350688688|82.74575179680497|94.15258921565602|91.19807000561725|88.77797916796133|,52.826369214863334|56.64945877181917|61.4439252223742|61.111933484332575|59.26589444794894|,11421|2335|2451|1883|2290|2462|,11530|2484|2549|1797|2272|2428|,0|0|0|0|0|0|,4787|797|909|1017|1027|1037|,4852|894|932|919|1062|1045|,0|0|0|0|0|0|,9639,13312,4787,26462|3733|5257|5410|5871|6191|,18364|2585|3651|3751|4088|4289|,0|0|0|0|0|0|,0|0|0|0|0|,0|0|0|0|0|0|,0|0|0|0|0|0|,310|239|47|0|0|24|,0|0|0|0|0|0|,0|0|0|0|0|0|,22641|4459|4825|4023|4614|4720|,0|0|0|0|0|0|,22641|4459|4825|4023|4614|4720|,0|0|0|0|0|,0|0|0|0|0|0|,0|0|0|0|0|0|,30739|4807|5609|7583|6627|6113|,7168|0|548|3491|1765|1364|,0|0|0|0|0|0|,0|0|0|0|0|0|,0|0|0|0|0|,23620|4807|5154|3957|4927|4775|,0|0|0|0|0|0|,23620|4807|5154|3957|4927|4775|,15|15|15|15|15|15|,0.7995298167027564|0.7997865255269748|0.79916582|0.7993978295329238|0.7994866288638336|0.7990721503618112|,0.801461083758|0.796638306703|0.799533333333|0.808514492754|0.803229577671|0.801226993865|,0.20169055814561457,0.20922835606291665,0.19657095551392095,0.18864101782057427,4377.149531455193,1608.5957993846914,1688.3932134756483,1644.7868907189322,1662.4704262148766,1648.4715663056368,1519.9808890741235,1686.4472678335687,1526.4017186061744,1689.8886065927372,1918.6182428125,1594.847190195031,1725.048072142012,1707.2833079535687,0,0,0,0,0,3109|3032|2740|3005|2738|,57|73|64|88|79|,0|0|0|0|0|,493|608|565|661|642|,3109|3032|2740|3005|2738|,493|608|565|661|642|,0,0,0,1,0,4786,
34,24832|4955|4983|4894|5083|4917|,0.9760795935647756,23620|4807|5154|3957|4927|4775|,80.70536551644126|84.56345683921657|97.13409980298252|91.20871045058797|89.31773359071975|,53.68684983772445|57.962981690605346|62.87016455541534|62.18825268507597|61.03909503079932|,11765|2349|2554|1993|2525|2344|,11855|2458|2600|1964|2402|2431|,0|0|0|0|0|0|,5004|862|978|1072|1130|962|,5133|924|1003|1072|1080|1054|,0|0|0|0|0|0|,10137,13483,5004,29514|4481|5686|6099|7201|6047|,22890|3489|4406|4740|5573|4682|,0|0|0|0|0|0|,0|0|0|0|0|,0|0|0|0|0|0|,0|0|0|0|0|0|,1172|305|309|521|0|37|,0|0|0|0|0|0|,0|0|0|0|0|0|,22448|4416|4721|3759|4910|4642|,0|0|0|0|0|0|,22448|4416|4721|3759|4910|4642|,0|0|0|0|0|,0|0|0|0|0|0|,0|0|0|0|0|0|,29072|4491|5129|7483|6371|5598|,6034|0|0|3728|1586|720|,0|0|0|0|0|0|,0|0|0|0|0|0|,0|0|0|0|0|,23055|4491|5129|3660|4838|4937|,0|0|0|0|0|0|,23055|4491|5129|3660|4838|4937|,15|15|15|15|15|15|,0.7995386025515004|0.7996439991623407|0.7992609982227888|0.799129348269144|0.7994314309808118|0.799468311358424|,0.801072537398|0.800013868664|0.801190014228|0.795383708196|0.803734524051|0.803979057592|,0.2025613886536833,0.20709144792548687,0.19843353090601185,0.18856900931414056,4313.44695743885,1614.1293210903043,1662.2699985908866,1629.909438193297,1612.2049676763825,1647.9128525124484,1582.6048556104915,1718.2248585513275,1522.904652332495,1704.7851817770638,1927.8165915508025,1683.7353615690317,1731.0786236363635,1640.973169826583,0,0,0,0,0,2950|3170|2691|2933|3011|,53|71|71|89|90|,0|0|0|0|0|,496|608|419|618|603|,2950|3170|2691|2933|3011|,496|608|419|618|603|,0,0,0,5,0,4999,
35,25113|5072|5000|4900|4968|5173|,1.013706354369985,23055|4491|5129|3660|4838|4937|,82.86082164236745|84.17268688114223|94.1828165486879|87.35559937842898|86.66220348703972|,55.2024167609092|58.43596625249353|61.98964538255292|62.264835423608865|61.10408023240432|,11547|2200|2530|1886|2466|2465|,11508|2291|2599|1774|2372|2472|,0|0|0|0|0|0|,4594|789|909|970|976|950|,4699|906|960|940|942|951|,0|0|0|0|0|0|,9293,13762,4594,26640|4320|5185|5044|6422|5669|,18099|2932|3529|3441|4365|3832|,0|0|0|0|0|0|,0|0|0|0|0|,0|0|0|0|0|0|,0|0|0|0|0|0|,551|0|203|246|102|0|,0|0|0|0|0|0|,0|0|0|0|0|0|,22504|4332|4767|3863|4719|4823|,0|0|0|0|0|0|,22504|4332|4767|3863|4719|4823|,0|0|0|0|0|,0|0|0|0|0|0|,0|0|0|0|0|0|,31045|4879|5515|7486|6967|6198|,7791|0|561|3608|2472|1150|,0|0|0|0|0|0|,0|0|0|0|0|0|,0|0|0|0|0|,23371|4879|5044|3772|4641|5035|,0|0|0|0|0|0|,23371|4879|5044|3772|4641|5035|,15|15|15|15|15|15|,0.7995128258179881|0.7994001147928687|0.7993305885511318|0.799647757472603|0.7995380776742024|0.7991529952849835|,0.80303621774|0.803458769391|0.803730421785|0.799817850638|0.802259887006|0.805077307407|,0.20633268271524616,0.2079158533940577,0.1973975276512687,0.18724788549121665,4351.203647952113,1617.9410496925452,1697.5378533297708,1685.3288256891449,1710.056245242636,1688.626397358144,1540.0103751203553,1693.9434684989626,1535.1464501770581,1689.7823121974893,1540.9974391578949,1574.4124093867633,1686.9486332596684,1717.5660940967343,0,0,0,0,0,2965|2904|2699|2696|2943|,64|69|57|69|93|,0|0|0|0|0|,462|572|476|629|645|,2965|2904|2699|2696|2943|,462|572|476|629|645|,0,0,0,1,0,4593,
36,25185|5093|4917|4994|5094|5087|,1.0098412562577554,23371|4879|5044|3772|4641|5035|,80.22216983728576|84.26983258854577|96.54361251385491|91.46722957684804|87.37483760515394|,53.43717485300193|58.250757304834494|63.472282299964476|63.18299431921112|61.86130225390659|,11667|2427|2485|1884|2349|2522|,11704|2452|2559|1888|2292|2513|,0|0|0|0|0|0|,4739|814|902|999|1062|962|,4779|867|949|1013|984|966|,0|0|0|0|0|0|,9518,13853,4739,27532|4031|5120|5541|6785|6055|,18510|2702|3443|3735|4557|4073|,0|0|0|0|0|0|,0|0|0|0|0|,0|0|0|0|0|0|,0|0|0|0|0|0|,693|117|235|341|0|0|,0|0|0|0|0|0|,0|0|0|0|0|0|,22678|4631|4641|3849|4638|4919|,0|0|0|0|0|0|,22678|4631|4641|3849|4638|4919|,0|0|0|0|0|,0|0|0|0|0|0|,0|0|0|0|0|0|,31700|5045|5388|7855|7060|6352|,8333|74|554|3909|2355|1441|,0|0|0|0|0|0|,0|0|0|0|0|0|,0|0|0|0|0|,23601|4999|4930|3865|4869|4938|,0|0|0|0|0|0|,23601|4999|4930|3865|4869|4938|,15|15|15|15|15|15|,0.7994412475303633|0.7990935815135096|0.7991941467557081|0.7995447797336105|0.7995080539854105|0.7993010659905653|,0.800707429435|0.805356288857|0.79632566746|0.799222340049|0.799468505351|0.80284673949|,0.20480510033802576,0.20998245689101877,0.19562705917590176,0.18788241838175518,4360.9666396007615,1634.1289905633603,1609.9875841529479,1610.919006319916,1640.580322163266,1633.2435003879564,1545.5425336336687,1688.5687989047096,1543.1225429285525,1706.9831950650753,1961.284950126316,1579.7061350167196,1757.6738119548027,1660.2616588661263,0,0,0,0,0,3151|2807|2620|2738|2802|,43|63|77|83|101|,0|0|0|0|0|,477|560|546|693|650|,3151|2807|2620|2738|2802|,477|560|546|693|650|,0,0,0,2,0,4737,
37,24546|4855|4954|4882|5030|4825|,0.968136943349858,23601|4999|4930|3865|4869|4938|,78.69895444134643|82.92409994705979|98.83443241812695|91.46360056126089|89.12464321178669|,53.64873867375184|57.5406456860885|67.25086455579276|63.98582376694299|62.11090901559904|,11767|2507|2387|1963|2452|2458|,11834|2492|2543|1902|2417|2480|,0|0|0|0|0|0|,4888|834|850|1082|1084|1038|,4900|867|942|1013|1060|1018|,0|0|0|0|0|0|,9788,13813,4888,29588|4757|4650|7138|6609|6434|,21751|3491|3409|5244|4859|4748|,0|0|0|0|0|0|,0|0|0|0|0|,0|0|0|0|0|0|,0|0|0|0|0|0|,1247|664|31|389|0|163|,0|0|0|0|0|0|,0|0|0|0|0|0|,22354|4242|4826|3817|4819|4650|,0|0|0|0|0|0|,22354|4242|4826|3817|4819|4650|,0|0|0|0|0|,0|0|0|0|0|0|,0|0|0|0|0|0|,30191|4695|5192|7932|6547|5825|,7446|0|257|4179|1896|1114|,0|0|0|0|0|0|,0|0|0|0|0|0|,0|0|0|0|0|,22849|4695|5001|3638|4782|4733|,0|0|0|0|0|0|,22849|4695|5001|3638|4782|4733|,15|15|15|15|15|15|,0.7994522860157183|0.7990961131480814|0.7991812830608916|0.7995631453313006|0.7994921168896323|0.7993248248033958|,0.799570639662|0.798826431953|0.796754563895|0.799568779646|0.799205860204|0.803496692318|,0.20283038854285834,0.21215202745646372,0.19628405576034913,0.18675056141688912,4385.181528295419,1597.744622391874,1660.0970661518618,1614.2315811800272,1610.109010303449,1650.209048669351,1572.8762738737094,1705.1964645918222,1541.8619236251595,1713.0783720927038,1682.3694764565219,1630.2865976743374,1786.091434116402,1635.657563004184,0,0,0,0,0,2878|3131|2531|2769|2696|,56|84|79|82|72|,0|0|0|0|0|,495|570|457|704|715|,2878|3131|2531|2769|2696|,495|570|457|704|715|,0,0,0,2,0,4886,
38,24652|4980|4861|4887|4935|4989|,1.0201321720863057,22849|4695|5001|3638|4782|4733|,80.5599793498713|83.9304728519539|96.6972254156463|92.34723852008565|91.06794059803633|,55.3625092322545|60.05211616440284|65.12179163453402|64.73419995722809|64.29194345885334|,11359|2316|2463|1800|2448|2332|,11490|2379|2538|1838|2334|2401|,0|0|0|0|0|0|,4839|835|943|989|1076|996|,4827|843|931|974|1045|1034|,0|0|0|0|0|0|,9666,13183,4839,29849|4497|6324|6259|6895|5874|,20760|3127|4392|4363|4794|4084|,0|0|0|0|0|0|,0|0|0|0|0|,0|0|0|0|0|0|,0|0|0|0|0|0|,474|0|361|113|0|0|,0|0|0|0|0|0|,0|0|0|0|0|0|,22375|4584|4535|3922|4729|4605|,0|0|0|0|0|0|,22375|4584|4535|3922|4729|4605|,0|0|0|0|0|,0|0|0|0|0|0|,0|0|0|0|0|0|,31464|5029|5762|7806|6917|5950|,8578|185|962|3936|2396|1099|,0|0|0|0|0|0|,0|0|0|0|0|0|,0|0|0|0|0|,23309|4904|4940|3790|4683|4992|,0|0|0|0|0|0|,23309|4904|4940|3790|4683|4992|,15|15|15|15|15|15|,0.7994941057851499|0.7990533059777413|0.7993226456355066|0.7996561628355751|0.7996060191445883|0.7993188918726953|,0.799714064802|0.802768903088|0.79990668533|0.793934396188|0.802453645616|0.798154799634|,0.20210950150991291,0.21035931550614906,0.19528206923716573,0.18792944986651494,4335.6648675296565,1627.4950619922565,1575.3535448522268,1649.3671901544003,1637.467421020718,1605.446857327268,1543.2967165211041,1685.1228597889008,1567.1934666687412,1714.8943270096272,1501.1710305149702,1507.9153422128663,1667.1089199075147,1608.2928038261807,0,0,0,0,0,3024|2619|2583|2663|2766|,48|69|78|70|75|,0|0|0|0|0|,478|652|489|658|659|,3024|2619|2583|2663|2766|,478|652|489|658|659|,0,0,0,2,0,4837,
39,24796|4933|4916|4947|4897|5103|,0.9933073061907418,23309|4904|4940|3790|4683|4992|,79.10373199139143|87.3254902170133|97.6781412463082|91.98743285363314|87.84661738449363|,54.02202595021878|60.7302358751272|65.84468614322579|65.09857737885743|62.49919979534487|,11577|2438|2438|1885|2276|2540|,11732|2466|2502|1905|2407|2452|,0|0|0|0|0|0|,4767|816|935|1029|997|990|,4740|828|966|992|1009|945|,0|0|0|0|0|0|,9507,13802,4767,29975|4005|6389|6120|6591|6870|,20236|2709|4307|4128|4457|4635|,0|0|0|0|0|0|,0|0|0|0|0|,0|0|0|0|0|0|,0|0|0|0|0|0|,607|332|0|237|38|0|,0|0|0|0|0|0|,0|0|0|0|0|0|,22702|4464|4790|3923|4637|4888|,0|0|0|0|0|0|,22702|4464|4790|3923|4637|4888|,0|0|0|0|0|,0|0|0|0|0|0|,0|0|0|0|0|0|,32441|4872|5986|7994|6960|6629|,9443|16|1205|3981|2518|1723|,0|0|0|0|0|0|,0|0|0|0|0|0|,0|0|0|0|0|,23153|4863|4818|3913|4564|4995|,0|0|0|0|0|0|,23153|4863|4818|3913|4564|4995|,15|15|15|15|15|15|,0.7994884245357021|0.7993328209396375|0.799383895545466|0.7995953801491218|0.7994658562637006|0.7992153364186116|,0.799734008323|0.798735725938|0.802496626181|0.800791556728|0.80269058296|0.794404380342|,0.20238963490497233,0.2102192286241366,0.1965335278218714,0.187309622892445,4354.889958988883,1619.4447351572,1652.4229486481017,1651.471274408058,1676.7542439348058,1661.5196098471251,1540.6093098068748,1688.2647394019389,1573.6406126957133,1704.2408786318224,1741.0087758202249,1737.1713697866105,1563.3900201538463,1702.711232331284,0,0,0,0,0,3042|2660|2649|2584|2747|,64|84|61|70|81|,0|0|0|0|0|,461|564|495|597|665|,3042|2660|2649|2584|2747|,461|564|495|597|665|,0,0,0,4,0,4763,
40,24711|4890|4942|4959|4938|4982|,1.0077311795447674,23153|4863|4818|3913|4564|4995|,79.4755007486754|85.70032953478314|93.49954594563162|89.72927949786768|88.92062837350551|,54.23486338623881|61.078521967751826|65.2831279171628|64.70092383976817|63.10405601743909|,11592|2464|2397|1952|2263|2516|,11561|2399|2421|1961|2301|2479|,0|0|0|0|0|0|,4677|858|906|958|927|1028|,4673|802|919|959|968|1025|,0|0|0|0|0|0|,9350,13803,4677,29039|4085|6245|6104|6197|6408|,20048|2822|4311|4224|4273|4418|,0|0|0|0|0|0|,0|0|0|0|0|,0|0|0|0|0|0|,0|0|0|0|0|0|,551|370|0|157|6|18|,0|0|0|0|0|0|,0|0|0|0|0|0|,22602|4367|4669|4131|4606|4829|,0|0|0|0|0|0|,22602|4367|4669|4131|4606|4829|,0|0|0|0|0|,0|0|0|0|0|0|,0|0|0|0|0|0|,31593|4887|5787|7863|6841|6215|,8420|67|948|3786|2233|1386|,0|0|0|0|0|0|,0|0|0|0|0|0|,0|0|0|0|0|,23332|4847|4941|3979|4697|4868|,0|0|0|0|0|0|,23332|4847|4941|3979|4697|4868|,15|15|15|15|15|15|,0.7994594409114298|0.7990702250365195|0.799241928833017|0.7992247017054012|0.7994725356362576|0.7992871015827305|,0.800904130494|0.802659538008|0.802891933029|0.800920010222|0.795354951797|0.802335669002|,0.2019392735282685,0.21144128190731223,0.19524467671576037,0.18805338401071137,4364.979249005774,1632.5258465253235,1664.317555043616,1664.721900931491,1656.6691168152067,1662.4495198408838,1525.5783561670803,1676.3004076462043,1561.3751110575572,1698.0423338068754,1705.3295037291666,1594.7709742522516,1413.8278557954548,1593.2130645378807,0,0,0,0,0,3035|2711|2662|2760|2727|,58|78|69|78|85|,0|0|0|0|0|,491|561|561|674|619|,3035|2711|2662|2760|2727|,491|561|561|674|619|,0,0,0,3,0,4674,
41,25216|5126|4960|5062|5015|5053|,1.0212154980284587,23332|4847|4941|3979|4697|4868|,80.57823539592415|83.25441086760192|95.57787193552413|92.11667096182198|87.40675911220747|,54.6980170214417|58.79086540786594|66.8462805159724|65.7895554244651|63.15361390629864|,11674|2473|2436|1979|2322|2464|,11658|2374|2505|2000|2375|2404|,0|0|0|0|0|0|,4745|891|881|1001|1024|948|,4735|834|910|998|1030|963|,0|0|0|0|0|0|,9480,13852,4745,28758|4651|5361|5781|6933|6032|,20402|3299|3805|4102|4916|4280|,0|0|0|0|0|0|,0|0|0|0|0|,0|0|0|0|0|0|,0|0|0|0|0|0|,61|0|0|57|4|0|,0|0|0|0|0|0|,0|0|0|0|0|0|,23271|4769|4822|4219|4666|4795|,0|0|0|0|0|0|,23271|4769|4822|4219|4666|4795|,0|0|0|0|0|,0|0|0|0|0|0|,0|0|0|0|0|0|,31627|5097|5517|7928|6980|6105|,7956|148|568|3781|2326|1133|,0|0|0|0|0|0|,0|0|0|0|0|0|,0|0|0|0|0|,23827|5003|5040|4019|4764|5001|,0|0|0|0|0|0|,23827|5003|5040|4019|4764|5001|,15|15|15|15|15|15|,0.7995313408690582|0.7995242410328787|0.7993638569335252|0.7993134792038701|0.7993470299738339|0.7994440520905001|,0.800902908738|0.802764596658|0.799298387641|0.795090893859|0.804910936058|0.801561216105|,0.20212583576204354,0.20889765129435967,0.1963612206411795,0.18791788102177268,4365.574946425291,1632.661666192879,1605.2527805858886,1628.3939936292359,1672.0778870215115,1640.601542013212,1560.7226631529925,1698.5958911612743,1554.5299430572527,1686.0080206153727,1631.959255763441,1647.2179200861378,1619.0819905742574,1649.797083700812,0,0,0,0,0,3105|2941|2822|2709|2891|,64|73|68|85|98|,0|0|0|0|0|,491|633|571|690|695|,3105|2941|2822|2709|2891|,491|633|571|690|695|,0,0,0,1,0,4744,
42,24881|4956|5079|4973|4890|4983|,0.9796029714189785,23827|5003|5040|4019|4764|5001|,79.45323637086454|84.15692247983517|97.6752414418521|91.88023168008395|88.27761678621737|,54.899334017624206|61.00102686902819|67.25499558845304|66.01987471230154|63.88178232407064|,11969|2587|2504|2000|2376|2502|,11858|2416|2536|2019|2388|2499|,0|0|0|0|0|0|,4802|914|905|1039|968|976|,4756|783|911|1046|1046|970|,0|0|0|0|0|0|,9558,14269,4802,31766|4604|5997|6903|7005|7257|,22621|3284|4263|4912|4984|5178|,0|0|0|0|0|0|,0|0|0|0|0|,0|0|0|0|0|0|,0|0|0|0|0|0|,957|591|0|366|0|0|,0|0|0|0|0|0|,0|0|0|0|0|0|,22870|4288|4914|3996|4777|4895|,0|0|0|0|0|0|,22870|4288|4914|3996|4777|4895|,0|0|0|0|0|,0|0|0|0|0|0|,0|0|0|0|0|0|,32015|4839|5748|7983|7010|6435|,8876|0|694|3947|2574|1661|,0|0|0|0|0|0|,0|0|0|0|0|0|,0|0|0|0|0|,23341|4839|5122|3923|4583|4874|,0|0|0|0|0|0|,23341|4839|5122|3923|4583|4874|,15|15|15|15|15|15|,0.7995180162010884|0.7996652205225603|0.7994834905412782|0.7991915856759269|0.7992827362509614|0.7993712461933394|,0.799275331906|0.798387634086|0.803108465608|0.800530811976|0.795130142737|0.79924015197|,0.19979435094640532,0.2075586519494691,0.1954085701095396,0.18709866957653082,4384.195981769264,1625.655354905706,1707.669085593796,1657.3094752329348,1683.4929615758801,1649.9607520776472,1569.3680256237556,1698.003326414336,1541.0171485513738,1691.380475055009,1913.9072451914894,1644.4069266794952,1716.1185071111115,1697.5529274606188,0,0,0,0,0,2980|2907|2634|2637|2677|,66|77|70|69|77|,0|0|0|0|0|,473|656|546|602|661|,2980|2907|2634|2637|2677|,473|656|546|602|661|,0,0,0,6,0,4796,
43,25410|5006|5200|5006|5039|5159|,1.0207360438712993,23341|4839|5122|3923|4583|4874|,80.3887714225741|85.20392688832887|97.35749495357916|89.32731191058171|88.29782881329766|,54.29763259217156|60.63591048496923|67.70736098129733|65.7729558276844|63.4255835827382|,11756|2480|2567|1974|2312|2423|,11585|2359|2555|1949|2271|2451|,0|0|0|0|0|0|,4681|909|913|1021|899|939|,4617|809|937|998|940|933|,0|0|0|0|0|0|,9298,14043,4681,28422|3961|5911|6320|5842|6388|,20396|2838|4240|4537|4191|4590|,0|0|0|0|0|0|,0|0|0|0|0|,0|0|0|0|0|0|,0|0|0|0|0|0|,430|268|0|162|0|0|,0|0|0|0|0|0|,0|0|0|0|0|0|,22911|4476|4981|4106|4573|4775|,0|0|0|0|0|0|,22911|4476|4981|4106|4573|4775|,0|0|0|0|0|,0|0|0|0|0|0|,0|0|0|0|0|0|,30937|4725|5725|7869|6561|6057|,7324|0|581|3895|1873|975|,0|0|0|0|0|0|,0|0|0|0|0|0|,0|0|0|0|0|,23825|4725|5245|3857|4799|5199|,0|0|0|0|0|0|,23825|4725|5245|3857|4799|5199|,15|15|15|15|15|15|,0.7994865694526464|0.799486049114475|0.799425985645677|0.7994439523838393|0.7994724215120353|0.7991134768790116|,0.797695043057|0.802094096576|0.795522582325|0.792505735407|0.797803476616|0.799685405553|,0.1984490810162375,0.21160190223212372,0.19358639304228611,0.18769547148793966,4373.256895113866,1627.8872458999326,1674.727163041585,1693.9574390377643,1655.1480195296554,1641.3666151868658,1527.8465330962106,1687.7552908413097,1552.1865058283988,1705.7685066607323,1738.0068548292681,1603.146859238793,1584.956194907104,1647.1738131801021,0,0,0,0,0,3070|3004|2671|2936|2922|,59|89|71|76|93|,0|0|0|0|0|,473|624|526|641|696|,3070|3004|2671|2936|2922|,473|624|526|641|696|,0,0,0,2,0,4679,
44,24584|4731|4969|4912|4934|5038|,0.9593704092339979,23825|4725|5245|3857|4799|5199|,80.8650029543348|83.21380091351956|98.06085102802622|89.63183880153325|87.69814879523108|,56.295561348820335|59.882926263358904|66.9127633321111|64.48413027448834|64.16233242758518|,12069|2413|2665|1944|2415|2632|,11756|2312|2580|1913|2384|2567|,0|0|0|0|0|0|,4884|879|922|1053|1032|998|,4767|806|934|1037|990|1000|,0|0|0|0|0|0|,9651,14174,4884,29917|4783|5744|6109|6560|6721|,20018|3203|3837|4094|4384|4500|,0|0|0|0|0|0|,0|0|0|0|0|,0|0|0|0|0|0|,0|0|0|0|0|0|,1414|429|363|475|0|147|,0|0|0|0|0|0|,0|0|0|0|0|0|,22411|4204|4740|3744|4822|4901|,0|0|0|0|0|0|,22411|4204|4740|3744|4822|4901|,0|0|0|0|0|,0|0|0|0|0|0|,0|0|0|0|0|0|,32310|5031|5910|7867|6979|6523|,9692|502|1150|3928|2453|1659|,0|0|0|0|0|0|,0|0|0|0|0|0|,0|0|0|0|0|,22857|4596|4767|3849|4716|4929|,0|0|0|0|0|0|,22857|4596|4767|3849|4716|4929|,15|15|15|15|15|15|,0.7995290352771224|0.7995389677407314|0.7994452991833583|0.7994004035057918|0.7993763764686511|0.7994238057750094|,0.796292409934|0.796261022928|0.793136320305|0.798202402558|0.796624296728|0.797781624671|,0.2027492130115425,0.20969569779643232,0.19783840503672612,0.18640083945435468,4399.697023200657,1600.6128661791515,1644.6460779666504,1663.9243627718502,1595.2113908159515,1638.5839116915422,1574.8334811152142,1700.257209739018,1539.7185392736835,1684.2967096359703,1568.3368942075472,1643.3498895226048,1572.6157434174759,1614.1029124354006,0,0,0,0,0,2651|2668|2577|2639|2677|,64|65|79|101|109|,0|0|0|0|0|,467|626|549|648|695|,2651|2668|2577|2639|2677|,467|626|549|648|695|,0,0,0,1,0,4883,
45,25020|4867|4946|4968|5104|5135|,1.032025200157501,22857|4596|4767|3849|4716|4929|,82.591750122559|86.71734429208851|99.28829398064487|92.52564348138276|91.57611052506839|,55.89647924623803|60.558276511989035|67.01968516265967|65.3469492436616|65.52369815888359|,11559|2347|2417|1933|2392|2470|,11298|2249|2350|1916|2324|2459|,0|0|0|0|0|0|,5012|889|953|1076|1048|1046|,4839|819|935|1019|1033|1033|,0|0|0|0|0|0|,9851,13006,5012,30096|4197|5779|6289|6729|7102|,20798|2903|3979|4342|4661|4913|,0|0|0|0|0|0|,0|0|0|0|0|,0|0|0|0|0|0|,0|0|0|0|0|0|,319|0|0|319|0|0|,0|0|0|0|0|0|,0|0|0|0|0|0|,22538|4512|4644|3903|4713|4766|,0|0|0|0|0|0|,22538|4512|4644|3903|4713|4766|,0|0|0|0|0|,0|0|0|0|0|0|,0|0|0|0|0|0|,31836|4924|5678|7869|6909|6456|,8420|141|854|3833|2152|1440|,0|0|0|0|0|0|,0|0|0|0|0|0|,0|0|0|0|0|,23589|4829|4942|3936|4830|5052|,0|0|0|0|0|0|,23589|4829|4942|3936|4830|5052|,15|15|15|15|15|15|,0.7995679319311972|0.7995425428274432|0.7992977690083064|0.7993126716090663|0.7995952922132032|0.7995394684317128|,0.798107071503|0.799100667247|0.790783861268|0.799948038452|0.799052869664|0.801920605938|,0.196460602878768,0.21170757317233233,0.1989324933280833,0.18742617141357135,4380.236057619315,1614.4919372769825,1647.7267715990129,1646.3513939289278,1576.8755542514,1633.3727547968226,1530.5053117264022,1687.954020873733,1552.727818737067,1680.2142468776697,1766.3095617664976,1588.3388312557263,1788.993207434555,1775.578248393632,0,0,0,0,0,3018|2751|2653|2736|2754|,58|74|84|86|86|,0|0|0|0|0|,476|604|545|690|707|,3018|2751|2653|2736|2754|,476|604|545|690|707|,0,0,0,2,0,5010,
46,25025|4844|4986|5157|4961|5077|,0.9943193861545636,23589|4829|4942|3936|4830|5052|,80.15311652894913|84.51557131774767|97.2215960913149|92.42089740597575|90.25169236919038|,56.63744001391648|60.201072657525515|66.42140038853992|66.36328700591454|64.93832042132172|,11854|2404|2483|1948|2427|2592|,11735|2425|2459|1988|2403|2460|,0|0|0|0|0|0|,4922|852|914|1015|1053|1088|,4768|832|880|1051|1029|976|,0|0|0|0|0|0|,9690,13899,4922,30322|4410|5311|6390|7118|7093|,20346|2951|3566|4291|4770|4768|,0|0|0|0|0|0|,0|0|0|0|0|,0|0|0|0|0|0|,0|0|0|0|0|0|,386|301|0|39|46|0|,0|0|0|0|0|0|,0|0|0|0|0|0|,23203|4413|4811|4238|4830|4911|,0|0|0|0|0|0|,23203|4413|4811|4238|4830|4911|,0|0|0|0|0|,0|0|0|0|0|0|,0|0|0|0|0|0|,33179|5115|5720|8125|7401|6818|,10079|322|855|3927|2998|1977|,0|0|0|0|0|0|,0|0|0|0|0|0|,0|0|0|0|0|,23455|4860|4940|4103|4630|4922|,0|0|0|0|0|0|,23455|4860|4940|4103|4630|4922|,15|15|15|15|15|15|,0.7995358663302431|0.7996064208664996|0.7992681584185809|0.7993796965885055|0.7994684990148128|0.7992666712220878|,0.797561010075|0.799130254711|0.792121947929|0.799119241192|0.796549344375|0.80113486408|,0.19642630039425155,0.21206918478952053,0.19394633091695282,0.18875323243884862,4355.871126144658,1597.4513369423078,1662.5816899306362,1626.9630966549807,1588.846278519392,1629.5091623450753,1533.4410564766104,1681.8991917460467,1548.2877305491272,1690.5376689131595,1834.7282163937825,1611.6668994079937,1584.6254385310733,1652.4187015285177,0,0,0,0,0,2866|2812|2731|2580|2625|,58|86|63|71|92|,0|0|0|0|0|,546|584|563|576|689|,2866|2812|2731|2580|2625|,546|584|563|576|689|,0,0,0,3,0,4919,
47,24993|4986|4951|5007|5034|5015|,1.0111276913238116,23455|4860|4940|4103|4630|4922|,82.23744482577875|84.57393381427084|96.71234912335322|89.26195268870357|89.51461584768427|,57.967352197276234|60.604630330360884|66.63853226883077|64.95987134469263|65.52552996944053|,11814|2442|2525|2026|2322|2499|,11641|2418|2415|2077|2308|2423|,0|0|0|0|0|0|,4817|891|912|1067|963|984|,4724|859|880|1058|944|983|,0|0|0|0|0|0|,9541,13914,4817,29440|4983|5253|6631|5852|6721|,19871|3372|3546|4486|3949|4518|,0|0|0|0|0|0|,0|0|0|0|0|,0|0|0|0|0|0|,0|0|0|0|0|0|,362|0|0|343|19|0|,0|0|0|0|0|0|,0|0|0|0|0|0|,23093|4742|4752|4124|4706|4769|,0|0|0|0|0|0|,23093|4742|4752|4124|4706|4769|,0|0|0|0|0|,0|0|0|0|0|0|,0|0|0|0|0|0|,32662|5407|5686|8224|6837|6508|,9148|533|825|4000|2133|1657|,0|0|0|0|0|0|,0|0|0|0|0|0|,0|0|0|0|0|,23716|4961|4957|4095|4779|4924|,0|0|0|0|0|0|,23716|4961|4957|4095|4779|4924|,15|15|15|15|15|15|,0.7995037412118674|0.799436237983144|0.7993104364383397|0.7991496862208085|0.7994919041465883|0.7992030752198058|,0.798379876359|0.797873799726|0.795614035088|0.796084166057|0.797768178546|0.804144656644|,0.19607759539543806,0.21185248347900235,0.19722873587721168,0.18680451929226177,4388.599983555741,1622.083395498047,1663.6486831042705,1653.9388013820626,1665.0555877327815,1670.5565011784468,1546.400762941812,1678.910269177202,1538.4553657952474,1679.6375977683158,1672.4825058109454,1653.8072084981209,1780.748575764706,1629.3195544951375,0,0,0,0,0,2882|2869|2721|2798|2645|,66|77|60|87|98|,0|0|0|0|0|,547|584|557|646|661|,2882|2869|2721|2798|2645|,547|584|557|646|661|,0,0,0,0,0,4817,
48,25100|4797|4984|5095|5273|4951|,1.0083066284364985,23716|4961|4957|4095|4779|4924|,81.08595460492825|83.88854164709883|93.78980504012986|89.80820601994915|88.89278325231585|,56.757909425776994|60.23606420359602|67.25620813954649|66.20861446116302|64.99309460315426|,11856|2489|2458|2087|2400|2422|,11860|2472|2499|2008|2379|2502|,0|0|0|0|0|0|,4650|828|877|988|999|958|,4535|833|886|941|918|957|,0|0|0|0|0|0|,9185,14531,4650,29278|4922|5371|5977|6734|6274|,21563|3617|3930|4423|4970|4623|,0|0|0|0|0|0|,0|0|0|0|0|,0|0|0|0|0|0|,0|0|0|0|0|0|,455|291|0|134|0|30|,0|0|0|0|0|0|,0|0|0|0|0|0|,23261|4553|4787|4372|4761|4788|,0|0|0|0|0|0|,23261|4553|4787|4372|4761|4788|,0|0|0|0|0|,0|0|0|0|0|0|,0|0|0|0|0|0|,30976|5046|5380|7765|6806|5979|,7163|264|478|3530|1764|1127|,0|0|0|0|0|0|,0|0|0|0|0|0|,0|0|0|0|0|,23913|4855|4975|4090|5115|4878|,0|0|0|0|0|0|,23913|4855|4975|4090|5115|4878|,15|15|15|15|15|15|,0.799552394758204|0.7995573224967825|0.7994217352819752|0.7995236455309715|0.7993603236404743|0.7992519260537038|,0.800345758138|0.801652892562|0.798601304552|0.802442002442|0.796331171096|0.802937990793|,0.1971032214538708,0.21215635014336312,0.19701889020070837,0.18812194299207285,4347.159407522582,1623.632821439073,1662.709161452959,1627.6491085522237,1671.708971418617,1657.0529229370704,1595.7565967949013,1694.289388749826,1552.3009585272528,1676.2321940182078,1629.8571188041235,1555.2480802732316,1708.4239982617803,1691.012448818201,0,0,0,0,0,2963|2999|2919|3058|2870|,65|70|74|88|88|,0|0|0|0|0|,555|578|557|735|684|,2963|2999|2919|3058|2870|,555|578|557|735|684|,0,0,0,0,0,4650,
49,25018|4886|5111|4982|5073|4966|,0.9869945218082214,23913|4855|4975|4090|5115|4878|,81.27447301271921|82.57587196456784|94.54382622119896|91.0319731382868|88.28556909361794|,57.073674744590285|58.65745147226867|65.75959939618635|66.2358513104001|64.59924251862809|,11878|2438|2421|2025|2535|2459|,12035|2417|2554|2065|2580|2419|,0|0|0|0|0|0|,4767|870|859|1020|1051|967|,4734|835|884|1014|1075|926|,0|0|0|0|0|0|,9501,14412,4767,29501|4795|4873|5754|7530|6549|,20872|3387|3450|4063|5336|4636|,0|0|0|0|0|0|,0|0|0|0|0|,0|0|0|0|0|0|,0|0|0|0|0|0|,634|0|0|496|128|10|,0|0|0|0|0|0|,0|0|0|0|0|0|,23279|4701|4842|4015|4937|4784|,0|0|0|0|0|0|,23279|4701|4842|4015|4937|4784|,0|0|0|0|0|,0|0|0|0|0|0|,0|0|0|0|0|0|,31908|5210|5418|7756|7202|6322|,8468|423|386|3583|2536|1540|,0|0|0|0|0|0|,0|0|0|0|0|0|,0|0|0|0|0|,23602|4839|5102|4005|4801|4855|,0|0|0|0|0|0|,23602|4839|5102|4005|4801|4855|,15|15|15|15|15|15|,0.7994651390667334|0.799355472803297|0.7993279294293915|0.799432471908545|0.7994139483951233|0.7992229758295943|,0.800526910049|0.802608994164|0.795510887772|0.806682966585|0.799152818508|0.799849665163|,0.19924308953289005,0.2120394764354117,0.19579308326015138,0.18805670555764648,4332.013163040069,1626.3883014519247,1660.441838708985,1632.0887877335967,1653.0431019536684,1657.3077992320304,1564.053810926929,1702.1017374244427,1531.002684091012,1682.9685489365324,1724.5607601481483,1574.8788966983589,1525.7613301978026,1581.9281423449088,0,0,0,0,0,2935|3089|2789|2709|2750|,65|76|77|78|75|,0|0|0|0|0|,558|589|526|659|676|,2935|3089|2789|2709|2750|,558|589|526|659|676|,0,0,0,4,0,4763,
