Age class,Body Size Mean (mm),Body Size Std (mm),Distribution,Percent Female,Age Mortality Out %,Age Mortality Out StDev,Age Mortality Back %,Age Mortality Back StDev,Size Mortality Out %,Size Mortality Out StDev,Size Mortality Back %,Size Mortaltiy Back StDev,Migration,Straying,Male Maturation,Female Maturation,Fecundity_mu,Fecundity_sigma,Capture Out Probability,Capture Back Probability
0,40,5,1,50,0,0,0,0,0,0,0,0,0,0.01,0,0,0,0,0,0
1,60,5,1,50,0,0,0,0,0,0,0,0,0.075,0.01,0,0,0,0,0.25,0.25
2,80,5,1,50,0,0,0,0,0,0,0,0,0.283125,0.01,0,0,0,0,0.75,0.75
3,100,5,1,50,0,0,0,0,0,0,0,0,0.403125,0.01,0,0,0,0,1,1
4,120,5,1,50,0,0,0,0,0,0,0,0,0.470625,0.01,0,0,0,0,1,1
5,150,5,1,50,0,0,0,0,0,0,0,0,0.508125,0.01,0,0,0,0,1,1
6,180,5,1,50,0,0,0,0,0,0,0,0,0.54,0.01,0,0,0,0,1,1
7,210,5,1,50,50,0,0,0,0,0,0,0,0.571875,0.01,0,0,0,0,1,1
